player_id,first_name,last_name,league,team,season_minutes
bundesliga_1fckoln_bennoschmitz,Benno,Schmitz,bundesliga,1fckoln,1154
bundesliga_1fckoln_davieselke,Davie,Selke,bundesliga,1fckoln,1271
bundesliga_1fckoln_dejanljubicic,Dejan,Ljubicic,bundesliga,1fckoln,2055
bundesliga_1fckoln_denishuseinbasic,Denis,Huseinbasic,bundesliga,1fckoln,1627
bundesliga_1fckoln_ericmartel,Eric,Martel,bundesliga,1fckoln,2464
bundesliga_1fckoln_faridealidou,Faride,Alidou,bundesliga,1fckoln,1284
bundesliga_1fckoln_floriankainz,Florian,Kainz,bundesliga,1fckoln,2210
bundesliga_1fckoln_januwethielmann,Jan-Uwe,Thielmann,bundesliga,1fckoln,1588
bundesliga_1fckoln_jeffchabot,Jeff,Chabot,bundesliga,1fckoln,2707
bundesliga_1fckoln_leartpaqarada,Leart,Paqarada,bundesliga,1fckoln,1073
bundesliga_1fckoln_lintonmaina,Linton,Maina,bundesliga,1fckoln,1904
bundesliga_1fckoln_lucawaldschmidt,Luca,Waldschmidt,bundesliga,1fckoln,1151
bundesliga_1fckoln_maxfinkgrafe,Max,Finkgrafe,bundesliga,1fckoln,1756
bundesliga_1fckoln_rasmuscarstensen,Rasmus,Carstensen,bundesliga,1fckoln,1658
bundesliga_1fckoln_timohubers,Timo,Hubers,bundesliga,1fckoln,2779
bundesliga_augsburg_arneengels,Arne,Engels,bundesliga,augsburg,1398
bundesliga_augsburg_elvisrexhbecaj,Elvis,Rexhbecaj,bundesliga,augsburg,1994
bundesliga_augsburg_ermedindemirovic,Ermedin,Demirovic,bundesliga,augsburg,2879
bundesliga_augsburg_felixuduokhai,Felix,Uduokhai,bundesliga,augsburg,2922
bundesliga_augsburg_fredrikjensen,Fredrik,Jensen,bundesliga,augsburg,1350
bundesliga_augsburg_iagoborduchi,Iago,Borduchi,bundesliga,augsburg,1622
bundesliga_augsburg_jeffreygouweleeuw,Jeffrey,Gouweleeuw,bundesliga,augsburg,2594
bundesliga_augsburg_kevinmbabu,Kevin,Mbabu,bundesliga,augsburg,2048
bundesliga_augsburg_kristijanjakic,Kristijan,Jakic,bundesliga,augsburg,1253
bundesliga_augsburg_madspedersen,Mads,Pedersen,bundesliga,augsburg,1783
bundesliga_augsburg_niklasdorsch,Niklas,Dorsch,bundesliga,augsburg,1387
bundesliga_augsburg_philliptietz,Phillip,Tietz,bundesliga,augsburg,2404
bundesliga_augsburg_rubenvargas,Ruben,Vargas,bundesliga,augsburg,1978
bundesliga_bayerleverkusen_alejandrogrimaldo,Alejandro,Grimaldo,bundesliga,bayerleverkusen,2785
bundesliga_bayerleverkusen_edmondtapsoba,Edmond,Tapsoba,bundesliga,bayerleverkusen,2084
bundesliga_bayerleverkusen_exequielpalacios,Exequiel,Palacios,bundesliga,bayerleverkusen,1840
bundesliga_bayerleverkusen_florianwirtz,Florian,Wirtz,bundesliga,bayerleverkusen,2377
bundesliga_bayerleverkusen_granitxhaka,Granit,Xhaka,bundesliga,bayerleverkusen,2828
bundesliga_bayerleverkusen_jeremiefrimpong,Jeremie,Frimpong,bundesliga,bayerleverkusen,2263
bundesliga_bayerleverkusen_jonashofmann,Jonas,Hofmann,bundesliga,bayerleverkusen,2214
bundesliga_bayerleverkusen_jonathantah,Jonathan,Tah,bundesliga,bayerleverkusen,2632
bundesliga_bayerleverkusen_josipstanisic,Josip,Stanisic,bundesliga,bayerleverkusen,1257
bundesliga_bayerleverkusen_odilonkossounou,Odilon,Kossounou,bundesliga,bayerleverkusen,1812
bundesliga_bayerleverkusen_patrikschick,Patrik,Schick,bundesliga,bayerleverkusen,1064
bundesliga_bayerleverkusen_pierohincapie,Piero,Hincapie,bundesliga,bayerleverkusen,1484
bundesliga_bayerleverkusen_robertandrich,Robert,Andrich,bundesliga,bayerleverkusen,1681
bundesliga_bayerleverkusen_victorokohboniface,Victor,Okoh Boniface,bundesliga,bayerleverkusen,1553
bundesliga_bayernmunchen_aleksandarpavlovic,Aleksandar,Pavlovic,bundesliga,bayernmunchen,1228
bundesliga_bayernmunchen_alphonsodavies,Alphonso,Davies,bundesliga,bayernmunchen,2067
bundesliga_bayernmunchen_dayotupamecano,Dayot,Upamecano,bundesliga,bayernmunchen,1763
bundesliga_bayernmunchen_ericdier,Eric,Dier,bundesliga,bayernmunchen,1166
bundesliga_bayernmunchen_harrykane,Harry,Kane,bundesliga,bayernmunchen,2843
bundesliga_bayernmunchen_jamalmusiala,Jamal,Musiala,bundesliga,bayernmunchen,1766
bundesliga_bayernmunchen_joshuakimmich,Joshua,Kimmich,bundesliga,bayernmunchen,2185
bundesliga_bayernmunchen_kingsleycoman,Kingsley,Coman,bundesliga,bayernmunchen,1123
bundesliga_bayernmunchen_konradlaimer,Konrad,Laimer,bundesliga,bayernmunchen,1770
bundesliga_bayernmunchen_leongoretzka,Leon,Goretzka,bundesliga,bayernmunchen,2242
bundesliga_bayernmunchen_leroysane,Leroy,Sane,bundesliga,bayernmunchen,2142
bundesliga_bayernmunchen_mathystel,Mathys,Tel,bundesliga,bayernmunchen,1031
bundesliga_bayernmunchen_matthijsdeligt,Matthijs,de Ligt,bundesliga,bayernmunchen,1389
bundesliga_bayernmunchen_noussairmazraoui,Noussair,Mazraoui,bundesliga,bayernmunchen,1197
bundesliga_bayernmunchen_raphaelguerreiro,Raphael,Guerreiro,bundesliga,bayernmunchen,1194
bundesliga_bayernmunchen_thomasmuller,Thomas,Muller,bundesliga,bayernmunchen,1659
bundesliga_bochum_anthonylosilla,Anthony,Losilla,bundesliga,bochum,2586
bundesliga_bochum_bernardo,,Bernardo,bundesliga,bochum,2924
bundesliga_bochum_christopherantwiadjei,Christopher,Antwi-Adjei,bundesliga,bochum,1216
bundesliga_bochum_cristiangamboa,Cristian,Gamboa,bundesliga,bochum,1187
bundesliga_bochum_erhanmasovic,Erhan,Masovic,bundesliga,bochum,2218
bundesliga_bochum_ivanordets,Ivan,Ordets,bundesliga,bochum,1879
bundesliga_bochum_kevenschlotterbeck,Keven,Schlotterbeck,bundesliga,bochum,2184
bundesliga_bochum_kevinstoger,Kevin,Stoger,bundesliga,bochum,2678
bundesliga_bochum_matusbero,Matus,Bero,bundesliga,bochum,1665
bundesliga_bochum_maximilianwittek,Maximilian,Wittek,bundesliga,bochum,1067
bundesliga_bochum_moritzbroschinski,Moritz,Broschinski,bundesliga,bochum,1242
bundesliga_bochum_patrickosterhage,Patrick,Osterhage,bundesliga,bochum,1863
bundesliga_bochum_philipphofmann,Philipp,Hofmann,bundesliga,bochum,1576
bundesliga_bochum_takumaasano,Takuma,Asano,bundesliga,bochum,2003
bundesliga_borussiadortmund_donyellmalen,Donyell,Malen,bundesliga,borussiadortmund,1783
bundesliga_borussiadortmund_emrecan,Emre,Can,bundesliga,borussiadortmund,1956
bundesliga_borussiadortmund_felixnmecha,Felix,Nmecha,bundesliga,borussiadortmund,1016
bundesliga_borussiadortmund_ianmaatsen,Ian,Maatsen,bundesliga,borussiadortmund,1269
bundesliga_borussiadortmund_jamiegittens,Jamie,Gittens,bundesliga,borussiadortmund,1058
bundesliga_borussiadortmund_julianbrandt,Julian,Brandt,bundesliga,borussiadortmund,2230
bundesliga_borussiadortmund_julianryerson,Julian,Ryerson,bundesliga,borussiadortmund,1772
bundesliga_borussiadortmund_marcelsabitzer,Marcel,Sabitzer,bundesliga,borussiadortmund,1964
bundesliga_borussiadortmund_marcoreus,Marco,Reus,bundesliga,borussiadortmund,1612
bundesliga_borussiadortmund_mariuswolf,Marius,Wolf,bundesliga,borussiadortmund,1161
bundesliga_borussiadortmund_matshummels,Mats,Hummels,bundesliga,borussiadortmund,1581
bundesliga_borussiadortmund_niclasfullkrug,Niclas,Fullkrug,bundesliga,borussiadortmund,2405
bundesliga_borussiadortmund_nicoschlotterbeck,Nico,Schlotterbeck,bundesliga,borussiadortmund,2861
bundesliga_borussiadortmund_niklassule,Niklas,Sule,bundesliga,borussiadortmund,1509
bundesliga_borussiadortmund_ramybensebaini,Ramy,Bensebaini,bundesliga,borussiadortmund,1030
bundesliga_borussiadortmund_salihozcan,Salih,Ozcan,bundesliga,borussiadortmund,1179
bundesliga_borussiamonchengladbach_alassaneplea,Alassane,Plea,bundesliga,borussiamonchengladbach,1925
bundesliga_borussiamonchengladbach_florianneuhaus,Florian,Neuhaus,bundesliga,borussiamonchengladbach,1226
bundesliga_borussiamonchengladbach_franckhonorat,Franck,Honorat,bundesliga,borussiamonchengladbach,2358
bundesliga_borussiamonchengladbach_joescally,Joe,Scally,bundesliga,borussiamonchengladbach,2236
bundesliga_borussiamonchengladbach_julianweigl,Julian,Weigl,bundesliga,borussiamonchengladbach,2766
bundesliga_borussiamonchengladbach_koitakura,Ko,Itakura,bundesliga,borussiamonchengladbach,1598
bundesliga_borussiamonchengladbach_lucanetz,Luca,Netz,bundesliga,borussiamonchengladbach,2231
bundesliga_borussiamonchengladbach_marvinfriedrich,Marvin,Friedrich,bundesliga,borussiamonchengladbach,1561
bundesliga_borussiamonchengladbach_maximilianwober,Maximilian,Wober,bundesliga,borussiamonchengladbach,2070
bundesliga_borussiamonchengladbach_nathanngoumou,Nathan,Ngoumou,bundesliga,borussiamonchengladbach,1381
bundesliga_borussiamonchengladbach_nicoelvedi,Nico,Elvedi,bundesliga,borussiamonchengladbach,2485
bundesliga_borussiamonchengladbach_robinhack,Robin,Hack,bundesliga,borussiamonchengladbach,1345
bundesliga_borussiamonchengladbach_roccoreitz,Rocco,Reitz,bundesliga,borussiamonchengladbach,2141
bundesliga_darmstadt_bartolfranjic,Bartol,Franjic,bundesliga,darmstadt,1232
bundesliga_darmstadt_christophklarer,Christoph,Klarer,bundesliga,darmstadt,2356
bundesliga_darmstadt_christophzimmermann,Christoph,Zimmermann,bundesliga,darmstadt,1216
bundesliga_darmstadt_emirkaric,Emir,Karic,bundesliga,darmstadt,1781
bundesliga_darmstadt_fabianholland,Fabian,Holland,bundesliga,darmstadt,1847
bundesliga_darmstadt_fabiannurnberger,Fabian,Nurnberger,bundesliga,darmstadt,1519
bundesliga_darmstadt_jannikmuller,Jannik,Muller,bundesliga,darmstadt,1133
bundesliga_darmstadt_julianjustvan,Julian,Justvan,bundesliga,darmstadt,1069
bundesliga_darmstadt_klausgjasula,Klaus,Gjasula,bundesliga,darmstadt,1366
bundesliga_darmstadt_lucapfeiffer,Luca,Pfeiffer,bundesliga,darmstadt,1625
bundesliga_darmstadt_marvinmehlem,Marvin,Mehlem,bundesliga,darmstadt,1491
bundesliga_darmstadt_matejmaglica,Matej,Maglica,bundesliga,darmstadt,1701
bundesliga_darmstadt_mathiashonsak,Mathias,Honsak,bundesliga,darmstadt,1013
bundesliga_darmstadt_matthiasbader,Matthias,Bader,bundesliga,darmstadt,1807
bundesliga_darmstadt_oscarvilhelmsson,Oscar,Vilhelmsson,bundesliga,darmstadt,1375
bundesliga_darmstadt_timskarke,Tim,Skarke,bundesliga,darmstadt,2418
bundesliga_darmstadt_tobiaskempe,Tobias,Kempe,bundesliga,darmstadt,1351
bundesliga_eintrachtfrankfurt_ansgarknauff,Ansgar,Knauff,bundesliga,eintrachtfrankfurt,2117
bundesliga_eintrachtfrankfurt_aureliobuta,Aurelio,Buta,bundesliga,eintrachtfrankfurt,1744
bundesliga_eintrachtfrankfurt_ellyesskhiri,Ellyes,Skhiri,bundesliga,eintrachtfrankfurt,2169
bundesliga_eintrachtfrankfurt_fareschaibi,Fares,Chaibi,bundesliga,eintrachtfrankfurt,1920
bundesliga_eintrachtfrankfurt_hugolarsson,Hugo,Larsson,bundesliga,eintrachtfrankfurt,1885
bundesliga_eintrachtfrankfurt_mariogotze,Mario,Gotze,bundesliga,eintrachtfrankfurt,2075
bundesliga_eintrachtfrankfurt_nielsnkounkou,Niels,Nkounkou,bundesliga,eintrachtfrankfurt,1301
bundesliga_eintrachtfrankfurt_omarmarmoush,Omar,Marmoush,bundesliga,eintrachtfrankfurt,2310
bundesliga_eintrachtfrankfurt_philippmax,Philipp,Max,bundesliga,eintrachtfrankfurt,1357
bundesliga_eintrachtfrankfurt_robinkoch,Robin,Koch,bundesliga,eintrachtfrankfurt,2740
bundesliga_eintrachtfrankfurt_tuta,,Tuta,bundesliga,eintrachtfrankfurt,2605
bundesliga_eintrachtfrankfurt_willianpacho,Willian,Pacho,bundesliga,eintrachtfrankfurt,2970
bundesliga_fcheidenheim_benediktgimber,Benedikt,Gimber,bundesliga,fcheidenheim,2026
bundesliga_fcheidenheim_erendinkci,Eren,Dinkci,bundesliga,fcheidenheim,2672
bundesliga_fcheidenheim_janniklasbeste,Jan-Niklas,Beste,bundesliga,fcheidenheim,2618
bundesliga_fcheidenheim_janschoppner,Jan,Schoppner,bundesliga,fcheidenheim,2000
bundesliga_fcheidenheim_jonasfohrenbach,Jonas,Fohrenbach,bundesliga,fcheidenheim,2790
bundesliga_fcheidenheim_kevinsessa,Kevin,Sessa,bundesliga,fcheidenheim,1001
bundesliga_fcheidenheim_lennardmaloney,Lennard,Maloney,bundesliga,fcheidenheim,2292
bundesliga_fcheidenheim_marvinpieringer,Marvin,Pieringer,bundesliga,fcheidenheim,1520
bundesliga_fcheidenheim_normantheuerkauf,Norman,Theuerkauf,bundesliga,fcheidenheim,1257
bundesliga_fcheidenheim_omarhaktabtraore,Omar,Haktab Traore,bundesliga,fcheidenheim,2474
bundesliga_fcheidenheim_patrickmainka,Patrick,Mainka,bundesliga,fcheidenheim,3060
bundesliga_fcheidenheim_timkleindienst,Tim,Kleindienst,bundesliga,fcheidenheim,2874
bundesliga_freiburg_christiangunter,Christian,Gunter,bundesliga,freiburg,1064
bundesliga_freiburg_jordymakengo,Jordy,Makengo,bundesliga,freiburg,1022
bundesliga_freiburg_kiliannsildillia,Kiliann,Sildillia,bundesliga,freiburg,1804
bundesliga_freiburg_lucasholer,Lucas,Holer,bundesliga,freiburg,2309
bundesliga_freiburg_lukaskubler,Lukas,Kubler,bundesliga,freiburg,1848
bundesliga_freiburg_manuelgulde,Manuel,Gulde,bundesliga,freiburg,2048
bundesliga_freiburg_matthiasginter,Matthias,Ginter,bundesliga,freiburg,1918
bundesliga_freiburg_maximilianeggestein,Maximilian,Eggestein,bundesliga,freiburg,2918
bundesliga_freiburg_merlinrohl,Merlin,Rohl,bundesliga,freiburg,1483
bundesliga_freiburg_michaelgregoritsch,Michael,Gregoritsch,bundesliga,freiburg,1684
bundesliga_freiburg_nicolashofler,Nicolas,Hofler,bundesliga,freiburg,2332
bundesliga_freiburg_philipplienhart,Philipp,Lienhart,bundesliga,freiburg,1265
bundesliga_freiburg_ritsudoan,Ritsu,Doan,bundesliga,freiburg,2253
bundesliga_freiburg_rolandsallai,Roland,Sallai,bundesliga,freiburg,1850
bundesliga_freiburg_vincenzogrifo,Vincenzo,Grifo,bundesliga,freiburg,2344
bundesliga_hoffenheim_andrejkramaric,Andrej,Kramaric,bundesliga,hoffenheim,2206
bundesliga_hoffenheim_antonstach,Anton,Stach,bundesliga,hoffenheim,2497
bundesliga_hoffenheim_floriangrillitsch,Florian,Grillitsch,bundesliga,hoffenheim,2297
bundesliga_hoffenheim_grischapromel,Grischa,Promel,bundesliga,hoffenheim,2146
bundesliga_hoffenheim_ihlasbebou,Ihlas,Bebou,bundesliga,hoffenheim,1628
bundesliga_hoffenheim_johnbrooks,John,Brooks,bundesliga,hoffenheim,1539
bundesliga_hoffenheim_kevinakpoguma,Kevin,Akpoguma,bundesliga,hoffenheim,1095
bundesliga_hoffenheim_mariusbulter,Marius,Bulter,bundesliga,hoffenheim,1346
bundesliga_hoffenheim_maximilianbeier,Maximilian,Beier,bundesliga,hoffenheim,2431
bundesliga_hoffenheim_ozankabak,Ozan,Kabak,bundesliga,hoffenheim,2290
bundesliga_hoffenheim_pavelkaderabek,Pavel,Kaderabek,bundesliga,hoffenheim,2419
bundesliga_hoffenheim_robertskov,Robert,Skov,bundesliga,hoffenheim,1261
bundesliga_hoffenheim_umuttohumcu,Umut,Tohumcu,bundesliga,hoffenheim,1012
bundesliga_hoffenheim_woutweghorst,Wout,Weghorst,bundesliga,hoffenheim,1987
bundesliga_mainz05_anthonycaci,Anthony,Caci,bundesliga,mainz05,2493
bundesliga_mainz05_brajangruda,Brajan,Gruda,bundesliga,mainz05,1651
bundesliga_mainz05_dominikkohr,Dominik,Kohr,bundesliga,mainz05,2190
bundesliga_mainz05_edimilsonfernandes,Edimilson,Fernandes,bundesliga,mainz05,1284
bundesliga_mainz05_jaesunglee,Jae-sung,Lee,bundesliga,mainz05,2124
bundesliga_mainz05_jonathanburkardt,Jonathan,Burkardt,bundesliga,mainz05,1541
bundesliga_mainz05_karimonisiwo,Karim,Onisiwo,bundesliga,mainz05,1496
bundesliga_mainz05_leandrobarreiro,Leandro,Barreiro,bundesliga,mainz05,2606
bundesliga_mainz05_ludovicajorque,Ludovic,Ajorque,bundesliga,mainz05,1355
bundesliga_mainz05_nadiemamiri,Nadiem,Amiri,bundesliga,mainz05,1401
bundesliga_mainz05_phillippmwene,Phillipp,Mwene,bundesliga,mainz05,2003
bundesliga_mainz05_seppvandenberg,Sepp,van den Berg,bundesliga,mainz05,2838
bundesliga_mainz05_silvanwidmer,Silvan,Widmer,bundesliga,mainz05,1243
bundesliga_mainz05_tomkrau,Tom,Krau,bundesliga,mainz05,1339
bundesliga_rbleipzig_amadouhaidara,Amadou,Haidara,bundesliga,rbleipzig,1537
bundesliga_rbleipzig_benjaminhenrichs,Benjamin,Henrichs,bundesliga,rbleipzig,2531
bundesliga_rbleipzig_benjaminsesko,Benjamin,Sesko,bundesliga,rbleipzig,1528
bundesliga_rbleipzig_castellolukeba,Castello,Lukeba,bundesliga,rbleipzig,2185
bundesliga_rbleipzig_christophbaumgartner,Christoph,Baumgartner,bundesliga,rbleipzig,1149
bundesliga_rbleipzig_daniolmo,Dani,Olmo,bundesliga,rbleipzig,1454
bundesliga_rbleipzig_davidraum,David,Raum,bundesliga,rbleipzig,2743
bundesliga_rbleipzig_kevinkampl,Kevin,Kampl,bundesliga,rbleipzig,1360
bundesliga_rbleipzig_loisopenda,Lois,Openda,bundesliga,rbleipzig,2716
bundesliga_rbleipzig_lukasklostermann,Lukas,Klostermann,bundesliga,rbleipzig,1433
bundesliga_rbleipzig_mohamedsimakan,Mohamed,Simakan,bundesliga,rbleipzig,2139
bundesliga_rbleipzig_williorban,Willi,Orban,bundesliga,rbleipzig,1583
bundesliga_rbleipzig_xaverschlager,Xaver,Schlager,bundesliga,rbleipzig,2482
bundesliga_rbleipzig_xavisimons,Xavi,Simons,bundesliga,rbleipzig,2673
bundesliga_rbleipzig_yussufpoulsen,Yussuf,Poulsen,bundesliga,rbleipzig,1209
bundesliga_unionberlin_aissalaidouni,Aissa,Laidouni,bundesliga,unionberlin,1064
bundesliga_unionberlin_alexkral,Alex,Kral,bundesliga,unionberlin,1365
bundesliga_unionberlin_andrasschafer,Andras,Schafer,bundesliga,unionberlin,1218
bundesliga_unionberlin_benedicthollerbach,Benedict,Hollerbach,bundesliga,unionberlin,1283
bundesliga_unionberlin_brendenaaronson,Brenden,Aaronson,bundesliga,unionberlin,1263
bundesliga_unionberlin_christophertrimmel,Christopher,Trimmel,bundesliga,unionberlin,1653
bundesliga_unionberlin_danilhodoekhi,Danilho,Doekhi,bundesliga,unionberlin,2160
bundesliga_unionberlin_diogoleite,Diogo,Leite,bundesliga,unionberlin,2708
bundesliga_unionberlin_janikhaberer,Janik,Haberer,bundesliga,unionberlin,1223
bundesliga_unionberlin_josipjuranovic,Josip,Juranovic,bundesliga,unionberlin,1290
bundesliga_unionberlin_kevinvogt,Kevin,Vogt,bundesliga,unionberlin,2643
bundesliga_unionberlin_kevinvolland,Kevin,Volland,bundesliga,unionberlin,1346
bundesliga_unionberlin_lucastousart,Lucas,Tousart,bundesliga,unionberlin,1573
bundesliga_unionberlin_ranikhedira,Rani,Khedira,bundesliga,unionberlin,1350
bundesliga_unionberlin_robingosens,Robin,Gosens,bundesliga,unionberlin,2297
bundesliga_unionberlin_robinknoche,Robin,Knoche,bundesliga,unionberlin,1916
bundesliga_vfbstuttgart_angelostiller,Angelo,Stiller,bundesliga,vfbstuttgart,2780
bundesliga_vfbstuttgart_anthonyrouault,Anthony,Rouault,bundesliga,vfbstuttgart,1008
bundesliga_vfbstuttgart_atakankarazor,Atakan,Karazor,bundesliga,vfbstuttgart,2630
bundesliga_vfbstuttgart_chrisfuhrich,Chris,Fuhrich,bundesliga,vfbstuttgart,2594
bundesliga_vfbstuttgart_danzagadou,Dan,Zagadou,bundesliga,vfbstuttgart,1453
bundesliga_vfbstuttgart_denizundav,Deniz,Undav,bundesliga,vfbstuttgart,2096
bundesliga_vfbstuttgart_enzomillot,Enzo,Millot,bundesliga,vfbstuttgart,2254
bundesliga_vfbstuttgart_hirokiito,Hiroki,Ito,bundesliga,vfbstuttgart,2231
bundesliga_vfbstuttgart_jamieleweling,Jamie,Leweling,bundesliga,vfbstuttgart,1519
bundesliga_vfbstuttgart_joshavagnoman,Josha,Vagnoman,bundesliga,vfbstuttgart,1181
bundesliga_vfbstuttgart_maximilianmittelstadt,Maximilian,Mittelstadt,bundesliga,vfbstuttgart,2104
bundesliga_vfbstuttgart_pascalstenzel,Pascal,Stenzel,bundesliga,vfbstuttgart,1068
bundesliga_vfbstuttgart_serhouguirassy,Serhou,Guirassy,bundesliga,vfbstuttgart,2212
bundesliga_vfbstuttgart_waldemaranton,Waldemar,Anton,bundesliga,vfbstuttgart,2888
bundesliga_werderbremen_anthonyjung,Anthony,Jung,bundesliga,werderbremen,2583
bundesliga_werderbremen_felixagu,Felix,Agu,bundesliga,werderbremen,1621
bundesliga_werderbremen_jensstage,Jens,Stage,bundesliga,werderbremen,2334
bundesliga_werderbremen_justinnjinmah,Justin,Njinmah,bundesliga,werderbremen,1012
bundesliga_werderbremen_leonardobittencourt,Leonardo,Bittencourt,bundesliga,werderbremen,1585
bundesliga_werderbremen_marcofriedl,Marco,Friedl,bundesliga,werderbremen,2198
bundesliga_werderbremen_marvinducksch,Marvin,Ducksch,bundesliga,werderbremen,2710
bundesliga_werderbremen_milosveljkovic,Milos,Veljkovic,bundesliga,werderbremen,1921
bundesliga_werderbremen_mitchellweiser,Mitchell,Weiser,bundesliga,werderbremen,2639
bundesliga_werderbremen_nickwoltemade,Nick,Woltemade,bundesliga,werderbremen,1182
bundesliga_werderbremen_niklasstark,Niklas,Stark,bundesliga,werderbremen,1086
bundesliga_werderbremen_olivierdeman,Olivier,Deman,bundesliga,werderbremen,1359
bundesliga_werderbremen_romanoschmid,Romano,Schmid,bundesliga,werderbremen,2614
bundesliga_werderbremen_sennelynen,Senne,Lynen,bundesliga,werderbremen,1791
bundesliga_wolfsburg_astervranckx,Aster,Vranckx,bundesliga,wolfsburg,1143
bundesliga_wolfsburg_cedriczesiger,Cedric,Zesiger,bundesliga,wolfsburg,1634
bundesliga_wolfsburg_joakimmhle,Joakim,Mhle,bundesliga,wolfsburg,2454
bundesliga_wolfsburg_jonaswind,Jonas,Wind,bundesliga,wolfsburg,2660
bundesliga_wolfsburg_kevinbehrens,Kevin,Behrens,bundesliga,wolfsburg,1880
bundesliga_wolfsburg_kevinparedes,Kevin,Paredes,bundesliga,wolfsburg,1429
bundesliga_wolfsburg_lovromajer,Lovro,Majer,bundesliga,wolfsburg,2116
bundesliga_wolfsburg_mattiassvanberg,Mattias,Svanberg,bundesliga,wolfsburg,1725
bundesliga_wolfsburg_maxencelacroix,Maxence,Lacroix,bundesliga,wolfsburg,2364
bundesliga_wolfsburg_maximilianarnold,Maximilian,Arnold,bundesliga,wolfsburg,2503
bundesliga_wolfsburg_moritzjenz,Moritz,Jenz,bundesliga,wolfsburg,1745
bundesliga_wolfsburg_ridlebaku,Ridle,Baku,bundesliga,wolfsburg,2011
bundesliga_wolfsburg_sebastiaanbornauw,Sebastiaan,Bornauw,bundesliga,wolfsburg,1431
bundesliga_wolfsburg_tiagotomas,Tiago,Tomas,bundesliga,wolfsburg,1029
bundesliga_wolfsburg_yannickgerhardt,Yannick,Gerhardt,bundesliga,wolfsburg,1635
laliga_almeria_adrianembarba,Adrian,Embarba,laliga,almeria,2485
laliga_almeria_cesarmontes,Cesar,Montes,laliga,almeria,1792
laliga_almeria_chumi,,Chumi,laliga,almeria,2432
laliga_almeria_dionlopy,Dion,Lopy,laliga,almeria,1917
laliga_almeria_edgargonzalez,Edgar,Gonzalez,laliga,almeria,2528
laliga_almeria_gonzalomelero,Gonzalo,Melero,laliga,almeria,1093
laliga_almeria_iddrisubaba,Iddrisu,Baba,laliga,almeria,1424
laliga_almeria_jonathanviera,Jonathan,Viera,laliga,almeria,1541
laliga_almeria_largieramazani,Largie,Ramazani,laliga,almeria,1560
laliga_almeria_leobaptistao,Leo,Baptistao,laliga,almeria,1843
laliga_almeria_lucasrobertone,Lucas,Robertone,laliga,almeria,2391
laliga_almeria_marcpubill,Marc,Pubill,laliga,almeria,1889
laliga_almeria_sergioakieme,Sergio,Akieme,laliga,almeria,1676
laliga_almeria_sergioarribas,Sergio,Arribas,laliga,almeria,2055
laliga_athleticclub_aitorparedes,Aitor,Paredes,laliga,athleticclub,2706
laliga_athleticclub_alexberenguer,Alex,Berenguer,laliga,athleticclub,1581
laliga_athleticclub_anderherrera,Ander,Herrera,laliga,athleticclub,1023
laliga_athleticclub_benatprados,Benat,Prados,laliga,athleticclub,1450
laliga_athleticclub_danivivian,Dani,Vivian,laliga,athleticclub,2879
laliga_athleticclub_gorkaguruzeta,Gorka,Guruzeta,laliga,athleticclub,2240
laliga_athleticclub_inakiwilliams,Inaki,Williams,laliga,athleticclub,2855
laliga_athleticclub_inigolekue,Inigo,Lekue,laliga,athleticclub,2001
laliga_athleticclub_inigoruizdegalarreta,Inigo,Ruiz de Galarreta,laliga,athleticclub,2104
laliga_athleticclub_mikelvesga,Mikel,Vesga,laliga,athleticclub,1535
laliga_athleticclub_nicowilliams,Nico,Williams,laliga,athleticclub,2280
laliga_athleticclub_oihansancet,Oihan,Sancet,laliga,athleticclub,1991
laliga_athleticclub_oscardemarcos,Oscar,de Marcos,laliga,athleticclub,2261
laliga_athleticclub_yerayalvarez,Yeray,Alvarez,laliga,athleticclub,1155
laliga_athleticclub_yuriberchiche,Yuri,Berchiche,laliga,athleticclub,1931
laliga_atleticomadrid_alvaromorata,Alvaro,Morata,laliga,atleticomadrid,1909
laliga_atleticomadrid_angelcorrea,Angel,Correa,laliga,atleticomadrid,1525
laliga_atleticomadrid_antoinegriezmann,Antoine,Griezmann,laliga,atleticomadrid,2654
laliga_atleticomadrid_axelwitsel,Axel,Witsel,laliga,atleticomadrid,2784
laliga_atleticomadrid_cesarazpilicueta,Cesar,Azpilicueta,laliga,atleticomadrid,1421
laliga_atleticomadrid_gabrielpaulista,Gabriel,Paulista,laliga,atleticomadrid,1806
laliga_atleticomadrid_josemariagimenez,Jose Maria,Gimenez,laliga,atleticomadrid,1323
laliga_atleticomadrid_koke,,Koke,laliga,atleticomadrid,2502
laliga_atleticomadrid_marcosllorente,Marcos,Llorente,laliga,atleticomadrid,2570
laliga_atleticomadrid_mariohermoso,Mario,Hermoso,laliga,atleticomadrid,2556
laliga_atleticomadrid_nahuelmolina,Nahuel,Molina,laliga,atleticomadrid,1855
laliga_atleticomadrid_pablobarrios,Pablo,Barrios,laliga,atleticomadrid,1556
laliga_atleticomadrid_rodrigodepaul,Rodrigo,de Paul,laliga,atleticomadrid,2084
laliga_atleticomadrid_rodrigoriquelme,Rodrigo,Riquelme,laliga,atleticomadrid,1522
laliga_atleticomadrid_samuellino,Samuel,Lino,laliga,atleticomadrid,2087
laliga_atleticomadrid_saulniguez,Saul,Niguez,laliga,atleticomadrid,1363
laliga_atleticomadrid_stefansavic,Stefan,Savic,laliga,atleticomadrid,1631
laliga_barcelona_alejandrobalde,Alejandro,Balde,laliga,barcelona,1378
laliga_barcelona_andreaschristensen,Andreas,Christensen,laliga,barcelona,1990
laliga_barcelona_ferminlopez,Fermin,Lopez,laliga,barcelona,1444
laliga_barcelona_ferrantorres,Ferran,Torres,laliga,barcelona,1204
laliga_barcelona_frenkiedejong,Frenkie,de Jong,laliga,barcelona,1637
laliga_barcelona_ilkaygundogan,Ilkay,Gundogan,laliga,barcelona,2997
laliga_barcelona_inigomartinez,Inigo,Martinez,laliga,barcelona,1293
laliga_barcelona_joaocancelo,Joao,Cancelo,laliga,barcelona,2506
laliga_barcelona_joaofelix,Joao,Felix,laliga,barcelona,1542
laliga_barcelona_juleskounde,Jules,Kounde,laliga,barcelona,2899
laliga_barcelona_lamineyamal,Lamine,Yamal,laliga,barcelona,2197
laliga_barcelona_paucubarsi,Pau,Cubarsi,laliga,barcelona,1562
laliga_barcelona_pedri,,Pedri,laliga,barcelona,1482
laliga_barcelona_raphinha,,Raphinha,laliga,barcelona,1370
laliga_barcelona_robertlewandowski,Robert,Lewandowski,laliga,barcelona,2758
laliga_barcelona_ronaldaraujo,Ronald,Araujo,laliga,barcelona,1994
laliga_cadiz_alexfernandez,Alex,Fernandez,laliga,cadiz,1283
laliga_cadiz_chrisramos,Chris,Ramos,laliga,cadiz,2627
laliga_cadiz_fali,,Fali,laliga,cadiz,2550
laliga_cadiz_gonzaloescalante,Gonzalo,Escalante,laliga,cadiz,1702
laliga_cadiz_ivanalejo,Ivan,Alejo,laliga,cadiz,1702
laliga_cadiz_javierhernandez,Javier,Hernandez,laliga,cadiz,2517
laliga_cadiz_lucaspires,Lucas,Pires,laliga,cadiz,1527
laliga_cadiz_robertnavarro,Robert,Navarro,laliga,cadiz,1905
laliga_cadiz_rogermarti,Roger,Marti,laliga,cadiz,1367
laliga_cadiz_rubenalcaraz,Ruben,Alcaraz,laliga,cadiz,3138
laliga_cadiz_rubensobrino,Ruben,Sobrino,laliga,cadiz,1648
laliga_cadiz_victorchust,Victor,Chust,laliga,cadiz,1870
laliga_celtavigo_carlosdominguez,Carlos,Dominguez,laliga,celtavigo,1585
laliga_celtavigo_carlstarfelt,Carl,Starfelt,laliga,celtavigo,2218
laliga_celtavigo_franbeltran,Fran,Beltran,laliga,celtavigo,2438
laliga_celtavigo_iagoaspas,Iago,Aspas,laliga,celtavigo,2715
laliga_celtavigo_jonathanbamba,Jonathan,Bamba,laliga,celtavigo,1993
laliga_celtavigo_jorgenstrandlarsen,Jorgen,Strand Larsen,laliga,celtavigo,2887
laliga_celtavigo_lucadelatorre,Luca,de la Torre,laliga,celtavigo,1956
laliga_celtavigo_manuelsanchez,Manuel,Sanchez,laliga,celtavigo,1777
laliga_celtavigo_oscarmingueza,Oscar,Mingueza,laliga,celtavigo,3002
laliga_celtavigo_renatotapia,Renato,Tapia,laliga,celtavigo,1337
laliga_celtavigo_unainunez,Unai,Nunez,laliga,celtavigo,2802
laliga_deportivoalaves_abdelabqar,Abdel,Abqar,laliga,deportivoalaves,2314
laliga_deportivoalaves_alexsola,Alex,Sola,laliga,deportivoalaves,1285
laliga_deportivoalaves_anderguevara,Ander,Guevara,laliga,deportivoalaves,2936
laliga_deportivoalaves_andonigorosabel,Andoni,Gorosabel,laliga,deportivoalaves,2863
laliga_deportivoalaves_antonioblanco,Antonio,Blanco,laliga,deportivoalaves,2436
laliga_deportivoalaves_carlosvicente,Carlos,Vicente,laliga,deportivoalaves,1118
laliga_deportivoalaves_javilopez,Javi,Lopez,laliga,deportivoalaves,2387
laliga_deportivoalaves_jonguridi,Jon,Guridi,laliga,deportivoalaves,2697
laliga_deportivoalaves_kikegarcia,Kike,Garcia,laliga,deportivoalaves,1421
laliga_deportivoalaves_luisrioja,Luis,Rioja,laliga,deportivoalaves,2511
laliga_deportivoalaves_nahueltenaglia,Nahuel,Tenaglia,laliga,deportivoalaves,1131
laliga_deportivoalaves_rafamarin,Rafa,Marin,laliga,deportivoalaves,2442
laliga_deportivoalaves_rubenduarte,Ruben,Duarte,laliga,deportivoalaves,1875
laliga_deportivoalaves_samuaghehowa,Samu,Aghehowa,laliga,deportivoalaves,2003
laliga_getafe_borjamayoral,Borja,Mayoral,laliga,getafe,2162
laliga_getafe_carlesalena,Carles,Alena,laliga,getafe,1007
laliga_getafe_damiansuarez,Damian,Suarez,laliga,getafe,1306
laliga_getafe_diegorico,Diego,Rico,laliga,getafe,2536
laliga_getafe_djene,,Djene,laliga,getafe,2490
laliga_getafe_gastonalvarez,Gaston,Alvarez,laliga,getafe,2535
laliga_getafe_jaimemata,Jaime,Mata,laliga,getafe,1790
laliga_getafe_joseangelcarmona,Jose Angel,Carmona,laliga,getafe,1312
laliga_getafe_juaniglesias,Juan,Iglesias,laliga,getafe,1413
laliga_getafe_juanmilatasa,Juanmi,Latasa,laliga,getafe,1553
laliga_getafe_luismilla,Luis,Milla,laliga,getafe,2123
laliga_getafe_masongreenwood,Mason,Greenwood,laliga,getafe,2667
laliga_getafe_nemanjamaksimovic,Nemanja,Maksimovic,laliga,getafe,3272
laliga_getafe_omaralderete,Omar,Alderete,laliga,getafe,2194
laliga_girona_aleixgarcia,Aleix,Garcia,laliga,girona,3201
laliga_girona_arnaumartinez,Arnau,Martinez,laliga,girona,1240
laliga_girona_artemdovbyk,Artem,Dovbyk,laliga,girona,2605
laliga_girona_daleyblind,Daley,Blind,laliga,girona,2971
laliga_girona_davidlopez,David,Lopez,laliga,girona,1975
laliga_girona_ericgarcia,Eric,Garcia,laliga,girona,2697
laliga_girona_ivanmartin,Ivan,Martin,laliga,girona,2744
laliga_girona_miguelgutierrez,Miguel,Gutierrez,laliga,girona,3037
laliga_girona_portu,,Portu,laliga,girona,1271
laliga_girona_savinho,,Savinho,laliga,girona,2989
laliga_girona_viktortsygankov,Viktor,Tsygankov,laliga,girona,2067
laliga_girona_yancouto,Yan,Couto,laliga,girona,2245
laliga_girona_yangelherrera,Yangel,Herrera,laliga,girona,2120
laliga_granada_brunomendez,Bruno,Mendez,laliga,granada,1336
laliga_granada_bryanzaragoza,Bryan,Zaragoza,laliga,granada,1640
laliga_granada_carlosneva,Carlos,Neva,laliga,granada,3152
laliga_granada_facundopellistri,Facundo,Pellistri,laliga,granada,1220
laliga_granada_gerardgumbau,Gerard,Gumbau,laliga,granada,2684
laliga_granada_gonzalovillar,Gonzalo,Villar,laliga,granada,1785
laliga_granada_ignasimiquel,Ignasi,Miquel,laliga,granada,2991
laliga_granada_lucasboye,Lucas,Boye,laliga,granada,2555
laliga_granada_miguelrubio,Miguel,Rubio,laliga,granada,1559
laliga_granada_myrtouzuni,Myrto,Uzuni,laliga,granada,2459
laliga_granada_oscarmelendo,Oscar,Melendo,laliga,granada,1126
laliga_granada_raultorrente,Raul,Torrente,laliga,granada,1252
laliga_granada_ricardsanchez,Ricard,Sanchez,laliga,granada,2298
laliga_granada_sergioruiz,Sergio,Ruiz,laliga,granada,2501
laliga_laspalmas_albertomoleiro,Alberto,Moleiro,laliga,laspalmas,1807
laliga_laspalmas_alexsuarez,Alex,Suarez,laliga,laspalmas,2566
laliga_laspalmas_enzoloiodice,Enzo,Loiodice,laliga,laspalmas,1792
laliga_laspalmas_javiermunoz,Javier,Munoz,laliga,laspalmas,2646
laliga_laspalmas_julianaraujo,Julian,Araujo,laliga,laspalmas,1462
laliga_laspalmas_kirianrodriguez,Kirian,Rodriguez,laliga,laspalmas,3217
laliga_laspalmas_marvinpark,Marvin,Park,laliga,laspalmas,1852
laliga_laspalmas_maximoperrone,Maximo,Perrone,laliga,laspalmas,1626
laliga_laspalmas_mikamarmol,Mika,Marmol,laliga,laspalmas,3181
laliga_laspalmas_munirelhaddadi,Munir,El Haddadi,laliga,laspalmas,2470
laliga_laspalmas_sandroramirez,Sandro,Ramirez,laliga,laspalmas,1819
laliga_laspalmas_saulcoco,Saul,Coco,laliga,laspalmas,2293
laliga_laspalmas_sergicardona,Sergi,Cardona,laliga,laspalmas,2816
laliga_mallorca_abdonprats,Abdon,Prats,laliga,mallorca,1258
laliga_mallorca_antonioraillo,Antonio,Raillo,laliga,mallorca,2198
laliga_mallorca_antoniosanchez,Antonio,Sanchez,laliga,mallorca,1463
laliga_mallorca_cylelarin,Cyle,Larin,laliga,mallorca,1823
laliga_mallorca_danirodriguez,Dani,Rodriguez,laliga,mallorca,2632
laliga_mallorca_giovannigonzalez,Giovanni,Gonzalez,laliga,mallorca,2463
laliga_mallorca_jaumecosta,Jaume,Costa,laliga,mallorca,1681
laliga_mallorca_josecopete,Jose,Copete,laliga,mallorca,1335
laliga_mallorca_manumorlanes,Manu,Morlanes,laliga,mallorca,1610
laliga_mallorca_martinvaljent,Martin,Valjent,laliga,mallorca,2354
laliga_mallorca_matijanastasic,Matija,Nastasic,laliga,mallorca,2257
laliga_mallorca_omarmascarell,Omar,Mascarell,laliga,mallorca,1573
laliga_mallorca_pablomaffeo,Pablo,Maffeo,laliga,mallorca,1456
laliga_mallorca_samucosta,Samu,Costa,laliga,mallorca,2305
laliga_mallorca_sergidarder,Sergi,Darder,laliga,mallorca,2154
laliga_mallorca_tonilato,Toni,Lato,laliga,mallorca,1546
laliga_mallorca_vedatmuriqi,Vedat,Muriqi,laliga,mallorca,2329
laliga_osasuna_aimaroroz,Aimar,Oroz,laliga,osasuna,2350
laliga_osasuna_alejandrocatena,Alejandro,Catena,laliga,osasuna,2536
laliga_osasuna_antebudimir,Ante,Budimir,laliga,osasuna,2449
laliga_osasuna_davidgarcia,David,Garcia,laliga,osasuna,2336
laliga_osasuna_ikermunoz,Iker,Munoz,laliga,osasuna,1856
laliga_osasuna_jesusareso,Jesus,Areso,laliga,osasuna,2661
laliga_osasuna_johanmojica,Johan,Mojica,laliga,osasuna,2041
laliga_osasuna_jonmoncayola,Jon,Moncayola,laliga,osasuna,1801
laliga_osasuna_jorgeherrando,Jorge,Herrando,laliga,osasuna,1644
laliga_osasuna_juancruz,Juan,Cruz,laliga,osasuna,1663
laliga_osasuna_lucastorro,Lucas,Torro,laliga,osasuna,1788
laliga_osasuna_moigomez,Moi,Gomez,laliga,osasuna,2010
laliga_osasuna_pabloibanez,Pablo,Ibanez,laliga,osasuna,1141
laliga_osasuna_rubengarcia,Ruben,Garcia,laliga,osasuna,1549
laliga_osasuna_rubenpena,Ruben,Pena,laliga,osasuna,2105
laliga_rayovallecano_abdulmumin,Abdul,Mumin,laliga,rayovallecano,1695
laliga_rayovallecano_alvarogarcia,Alvaro,Garcia,laliga,rayovallecano,2493
laliga_rayovallecano_aridanehernandez,Aridane,Hernandez,laliga,rayovallecano,1691
laliga_rayovallecano_florianlejeune,Florian,Lejeune,laliga,rayovallecano,3328
laliga_rayovallecano_isipalazon,Isi,Palazon,laliga,rayovallecano,2810
laliga_rayovallecano_ivanballiu,Ivan,Balliu,laliga,rayovallecano,2876
laliga_rayovallecano_jorgedefrutos,Jorge,de Frutos,laliga,rayovallecano,1542
laliga_rayovallecano_oscartrejo,Oscar,Trejo,laliga,rayovallecano,1381
laliga_rayovallecano_oscarvalentin,Oscar,Valentin,laliga,rayovallecano,2700
laliga_rayovallecano_patheismaelciss,Pathe Ismael,Ciss,laliga,rayovallecano,1658
laliga_rayovallecano_pepchavarria,Pep,Chavarria,laliga,rayovallecano,1164
laliga_rayovallecano_rauldetomas,Raul,de Tomas,laliga,rayovallecano,1277
laliga_rayovallecano_sergiocamello,Sergio,Camello,laliga,rayovallecano,1668
laliga_rayovallecano_unailopez,Unai,Lopez,laliga,rayovallecano,2123
laliga_realbetis_abnervinicius,Abner,Vinicius,laliga,realbetis,1397
laliga_realbetis_aitorruibal,Aitor,Ruibal,laliga,realbetis,1015
laliga_realbetis_assanediao,Assane,Diao,laliga,realbetis,1052
laliga_realbetis_ayozeperez,Ayoze,Perez,laliga,realbetis,2307
laliga_realbetis_chadiriad,Chadi,Riad,laliga,realbetis,2164
laliga_realbetis_germanpezzella,German,Pezzella,laliga,realbetis,2770
laliga_realbetis_guidorodriguez,Guido,Rodriguez,laliga,realbetis,1849
laliga_realbetis_hectorbellerin,Hector,Bellerin,laliga,realbetis,1714
laliga_realbetis_isco,,Isco,laliga,realbetis,2338
laliga_realbetis_johnnycardoso,Johnny,Cardoso,laliga,realbetis,1331
laliga_realbetis_juanmiranda,Juan,Miranda,laliga,realbetis,1860
laliga_realbetis_marcroca,Marc,Roca,laliga,realbetis,1986
laliga_realbetis_nabilfekir,Nabil,Fekir,laliga,realbetis,1049
laliga_realbetis_pablofornals,Pablo,Fornals,laliga,realbetis,1153
laliga_realbetis_rodrisanchez,Rodri,Sanchez,laliga,realbetis,1039
laliga_realbetis_sokratispapastathopoulos,Sokratis,Papastathopoulos,laliga,realbetis,1135
laliga_realbetis_willianjose,Willian,Jose,laliga,realbetis,1978
laliga_realbetis_youssoufsabaly,Youssouf,Sabaly,laliga,realbetis,1048
laliga_realmadrid_antoniorudiger,Antonio,Rudiger,laliga,realmadrid,2707
laliga_realmadrid_aurelientchouameni,Aurelien,Tchouameni,laliga,realmadrid,1987
laliga_realmadrid_brahimdiaz,Brahim,Diaz,laliga,realmadrid,1551
laliga_realmadrid_danicarvajal,Dani,Carvajal,laliga,realmadrid,2172
laliga_realmadrid_davidalaba,David,Alaba,laliga,realmadrid,1156
laliga_realmadrid_eduardocamavinga,Eduardo,Camavinga,laliga,realmadrid,1824
laliga_realmadrid_federicovalverde,Federico,Valverde,laliga,realmadrid,2910
laliga_realmadrid_ferlandmendy,Ferland,Mendy,laliga,realmadrid,1725
laliga_realmadrid_frangarcia,Fran,Garcia,laliga,realmadrid,1396
laliga_realmadrid_joselu,,Joselu,laliga,realmadrid,1676
laliga_realmadrid_judebellingham,Jude,Bellingham,laliga,realmadrid,2323
laliga_realmadrid_lucasvazquez,Lucas,Vazquez,laliga,realmadrid,1410
laliga_realmadrid_lukamodric,Luka,Modric,laliga,realmadrid,1685
laliga_realmadrid_nachofernandez,Nacho,Fernandez,laliga,realmadrid,1739
laliga_realmadrid_rodrygo,,Rodrygo,laliga,realmadrid,2388
laliga_realmadrid_tonikroos,Toni,Kroos,laliga,realmadrid,2130
laliga_realmadrid_viniciusjunior,Vinicius,Junior,laliga,realmadrid,1872
laliga_realsociedad_aihenmunoz,Aihen,Munoz,laliga,realsociedad,1120
laliga_realsociedad_anderbarrenetxea,Ander,Barrenetxea,laliga,realsociedad,1436
laliga_realsociedad_arsenzakharyan,Arsen,Zakharyan,laliga,realsociedad,1229
laliga_realsociedad_benatturrientes,Benat,Turrientes,laliga,realsociedad,1688
laliga_realsociedad_braismendez,Brais,Mendez,laliga,realsociedad,2420
laliga_realsociedad_hamaritraore,Hamari,Traore,laliga,realsociedad,2296
laliga_realsociedad_igorzubeldia,Igor,Zubeldia,laliga,realsociedad,2523
laliga_realsociedad_javigalan,Javi,Galan,laliga,realsociedad,1159
laliga_realsociedad_jonpacheco,Jon,Pacheco,laliga,realsociedad,1521
laliga_realsociedad_kierantierney,Kieran,Tierney,laliga,realsociedad,1243
laliga_realsociedad_martinzubimendi,Martin,Zubimendi,laliga,realsociedad,2655
laliga_realsociedad_mikelmerino,Mikel,Merino,laliga,realsociedad,2485
laliga_realsociedad_mikeloyarzabal,Mikel,Oyarzabal,laliga,realsociedad,2157
laliga_realsociedad_robinlenormand,Robin,Le Normand,laliga,realsociedad,2473
laliga_realsociedad_takefusakubo,Takefusa,Kubo,laliga,realsociedad,2155
laliga_realsociedad_umarsadiq,Umar,Sadiq,laliga,realsociedad,1074
laliga_sevilla_adriapedrosa,Adria,Pedrosa,laliga,sevilla,1749
laliga_sevilla_boubakarysoumare,Boubakary,Soumare,laliga,sevilla,2286
laliga_sevilla_djibrilsow,Djibril,Sow,laliga,sevilla,1469
laliga_sevilla_dodilukebakio,Dodi,Lukebakio,laliga,sevilla,1124
laliga_sevilla_isaacromero,Isaac,Romero,laliga,sevilla,1050
laliga_sevilla_ivanrakitic,Ivan,Rakitic,laliga,sevilla,1425
laliga_sevilla_jesusnavas,Jesus,Navas,laliga,sevilla,2010
laliga_sevilla_juanlusanchez,Juanlu,Sanchez,laliga,sevilla,1174
laliga_sevilla_kikesalas,Kike,Salas,laliga,sevilla,1604
laliga_sevilla_loicbade,Loic,Bade,laliga,sevilla,2283
laliga_sevilla_lucasocampos,Lucas,Ocampos,laliga,sevilla,2885
laliga_sevilla_marcosacuna,Marcos,Acuna,laliga,sevilla,1296
laliga_sevilla_nemanjagudelj,Nemanja,Gudelj,laliga,sevilla,1744
laliga_sevilla_olivertorres,Oliver,Torres,laliga,sevilla,1620
laliga_sevilla_sergioramos,Sergio,Ramos,laliga,sevilla,2518
laliga_sevilla_suso,,Suso,laliga,sevilla,1514
laliga_sevilla_youssefennesyri,Youssef,En-Nesyri,laliga,sevilla,2573
laliga_valencia_cenkozkacar,Cenk,Ozkacar,laliga,valencia,1595
laliga_valencia_cristhianmosquera,Cristhian,Mosquera,laliga,valencia,3074
laliga_valencia_diegolopez,Diego,Lopez,laliga,valencia,2671
laliga_valencia_dimitrifoulquier,Dimitri,Foulquier,laliga,valencia,1833
laliga_valencia_franperez,Fran,Perez,laliga,valencia,2069
laliga_valencia_hugoduro,Hugo,Duro,laliga,valencia,2994
laliga_valencia_hugoguillamon,Hugo,Guillamon,laliga,valencia,1305
laliga_valencia_javierguerra,Javier,Guerra,laliga,valencia,2502
laliga_valencia_joseluisgaya,Jose Luis,Gaya,laliga,valencia,1797
laliga_valencia_mouctardiakhaby,Mouctar,Diakhaby,laliga,valencia,1071
laliga_valencia_pepelu,,Pepelu,laliga,valencia,3305
laliga_valencia_sergicanos,Sergi,Canos,laliga,valencia,1234
laliga_valencia_thierrycorreia,Thierry,Correia,laliga,valencia,2157
laliga_villarreal_aissamandi,Aissa,Mandi,laliga,villarreal,1113
laliga_villarreal_albertomoreno,Alberto,Moreno,laliga,villarreal,1490
laliga_villarreal_alexandersorloth,Alexander,Sorloth,laliga,villarreal,2491
laliga_villarreal_alexbaena,Alex,Baena,laliga,villarreal,2599
laliga_villarreal_alfonsopedraza,Alfonso,Pedraza,laliga,villarreal,1119
laliga_villarreal_daniparejo,Dani,Parejo,laliga,villarreal,2586
laliga_villarreal_etiennecapoue,Etienne,Capoue,laliga,villarreal,1444
laliga_villarreal_gerardmoreno,Gerard,Moreno,laliga,villarreal,2229
laliga_villarreal_iliasakhomach,Ilias,Akhomach,laliga,villarreal,1511
laliga_villarreal_jorgecuenca,Jorge,Cuenca,laliga,villarreal,1961
laliga_villarreal_joseluismorales,Jose Luis,Morales,laliga,villarreal,1037
laliga_villarreal_juanfoyth,Juan,Foyth,laliga,villarreal,1063
laliga_villarreal_kikofemenia,Kiko,Femenia,laliga,villarreal,1579
laliga_villarreal_raulalbiol,Raul,Albiol,laliga,villarreal,2035
laliga_villarreal_santicomesana,Santi,Comesana,laliga,villarreal,1656
laliga_villarreal_yersonmosquera,Yerson,Mosquera,laliga,villarreal,1228
ligue1_brest_bradleylocko,Bradley,Locko,ligue1,brest,2960
ligue1_brest_brendanchardonnet,Brendan,Chardonnet,ligue1,brest,2970
ligue1_brest_hugomagnetti,Hugo,Magnetti,ligue1,brest,2354
ligue1_brest_jeremyledouaron,Jeremy,Le Douaron,ligue1,brest,1621
ligue1_brest_jonasmartin,Jonas,Martin,ligue1,brest,1192
ligue1_brest_kennylala,Kenny,Lala,ligue1,brest,2970
ligue1_brest_lilianbrassier,Lilian,Brassier,ligue1,brest,2678
ligue1_brest_mahdicamara,Mahdi,Camara,ligue1,brest,2038
ligue1_brest_martinsatriano,Martin,Satriano,ligue1,brest,1870
ligue1_brest_mathiaspereiralage,Mathias,Pereira Lage,ligue1,brest,1183
ligue1_brest_romaindelcastillo,Romain,Del Castillo,ligue1,brest,2515
ligue1_brest_stevemounie,Steve,Mounie,ligue1,brest,1770
ligue1_clermontfoot_alanvirginius,Alan,Virginius,ligue1,clermontfoot,1015
ligue1_clermontfoot_andypelmard,Andy,Pelmard,ligue1,clermontfoot,2988
ligue1_clermontfoot_cheickoumarkonate,Cheick Oumar,Konate,ligue1,clermontfoot,1069
ligue1_clermontfoot_chrislainmatsima,Chrislain,Matsima,ligue1,clermontfoot,1476
ligue1_clermontfoot_elbasanrashani,Elbasan,Rashani,ligue1,clermontfoot,1175
ligue1_clermontfoot_grejohnkyei,Grejohn,Kyei,ligue1,clermontfoot,1019
ligue1_clermontfoot_habibkeita,Habib,Keita,ligue1,clermontfoot,1273
ligue1_clermontfoot_jimallevinah,Jim,Allevinah,ligue1,clermontfoot,1870
ligue1_clermontfoot_johangastien,Johan,Gastien,ligue1,clermontfoot,2273
ligue1_clermontfoot_maximegonalons,Maxime,Gonalons,ligue1,clermontfoot,1307
ligue1_clermontfoot_maximilianocaufriez,Maximiliano,Caufriez,ligue1,clermontfoot,1664
ligue1_clermontfoot_mehdizeffane,Mehdi,Zeffane,ligue1,clermontfoot,1233
ligue1_clermontfoot_netoborges,Neto,Borges,ligue1,clermontfoot,2519
ligue1_clermontfoot_shamarnicholson,Shamar,Nicholson,ligue1,clermontfoot,1487
ligue1_clermontfoot_yohannmagnin,Yohann,Magnin,ligue1,clermontfoot,1677
ligue1_lehavre_abdoulayetoure,Abdoulaye,Toure,ligue1,lehavre,2292
ligue1_lehavre_andreayew,Andre,Ayew,ligue1,lehavre,1105
ligue1_lehavre_arounasangante,Arouna,Sangante,ligue1,lehavre,2690
ligue1_lehavre_christopheroperi,Christopher,Operi,ligue1,lehavre,2447
ligue1_lehavre_dalerkuzyaev,Daler,Kuzyaev,ligue1,lehavre,2098
ligue1_lehavre_emmanuelsabbi,Emmanuel,Sabbi,ligue1,lehavre,1587
ligue1_lehavre_etienneyoutekinkoue,Etienne,Youte Kinkoue,ligue1,lehavre,1943
ligue1_lehavre_gautierlloris,Gautier,Lloris,ligue1,lehavre,2779
ligue1_lehavre_josuecasimir,Josue,Casimir,ligue1,lehavre,2031
ligue1_lehavre_loicnego,Loic,Nego,ligue1,lehavre,1562
ligue1_lehavre_mohamedbayo,Mohamed,Bayo,ligue1,lehavre,1393
ligue1_lehavre_nabilalioui,Nabil,Alioui,ligue1,lehavre,1017
ligue1_lehavre_oussamatarghalline,Oussama,Targhalline,ligue1,lehavre,1032
ligue1_lehavre_yassinekechta,Yassine,Kechta,ligue1,lehavre,1856
ligue1_lehavre_yoannsalmier,Yoann,Salmier,ligue1,lehavre,1568
ligue1_lens_adrienthomasson,Adrien,Thomasson,ligue1,lens,1192
ligue1_lens_andydiouf,Andy,Diouf,ligue1,lens,1320
ligue1_lens_angelofulgini,Angelo,Fulgini,ligue1,lens,1379
ligue1_lens_davidpereiradacosta,David,Pereira da Costa,ligue1,lens,1498
ligue1_lens_deivermachado,Deiver,Machado,ligue1,lens,1126
ligue1_lens_elyewahi,Elye,Wahi,ligue1,lens,1712
ligue1_lens_facundomedina,Facundo,Medina,ligue1,lens,2714
ligue1_lens_floriansotoca,Florian,Sotoca,ligue1,lens,2602
ligue1_lens_jonathangradit,Jonathan,Gradit,ligue1,lens,2116
ligue1_lens_kevindanso,Kevin,Danso,ligue1,lens,2655
ligue1_lens_nampalysmendy,Nampalys,Mendy,ligue1,lens,1056
ligue1_lens_neilelaynaoui,Neil,El Aynaoui,ligue1,lens,1567
ligue1_lens_przemyslawfrankowski,Przemyslaw,Frankowski,ligue1,lens,2194
ligue1_lens_rubenaguilar,Ruben,Aguilar,ligue1,lens,1923
ligue1_lens_salisabdulsamed,Salis,Abdul Samed,ligue1,lens,1513
ligue1_lens_wesleysaid,Wesley,Said,ligue1,lens,1016
ligue1_lille_alexsandroribeiro,Alexsandro,Ribeiro,ligue1,lille,2216
ligue1_lille_angelgomes,Angel,Gomes,ligue1,lille,2578
ligue1_lille_bafodediakite,Bafode,Diakite,ligue1,lille,1697
ligue1_lille_benjaminandre,Benjamin,Andre,ligue1,lille,2573
ligue1_lille_edonzhegrova,Edon,Zhegrova,ligue1,lille,2296
ligue1_lille_gabrielgudmundsson,Gabriel,Gudmundsson,ligue1,lille,1264
ligue1_lille_hakonarnarharaldsson,Hakon Arnar,Haraldsson,ligue1,lille,1288
ligue1_lille_ismaily,,Ismaily,ligue1,lille,2467
ligue1_lille_jonathandavid,Jonathan,David,ligue1,lille,2637
ligue1_lille_lenyyoro,Leny,Yoro,ligue1,lille,2672
ligue1_lille_nabilbentaleb,Nabil,Bentaleb,ligue1,lille,1968
ligue1_lille_remycabella,Remy,Cabella,ligue1,lille,1468
ligue1_lille_tiagosantos,Tiago,Santos,ligue1,lille,2364
ligue1_lille_yusufyazici,Yusuf,Yazici,ligue1,lille,1315
ligue1_lorient_darlinyongwa,Darlin,Yongwa,ligue1,lorient,1153
ligue1_lorient_formosemendy,Formose,Mendy,ligue1,lorient,1254
ligue1_lorient_julienlaporte,Julien,Laporte,ligue1,lorient,1816
ligue1_lorient_julienponceau,Julien,Ponceau,ligue1,lorient,2250
ligue1_lorient_laurentabergel,Laurent,Abergel,ligue1,lorient,2862
ligue1_lorient_mohamedbamba,Mohamed,Bamba,ligue1,lorient,1148
ligue1_lorient_montassartalbi,Montassar,Talbi,ligue1,lorient,2205
ligue1_lorient_nathanieladjei,Nathaniel,Adjei,ligue1,lorient,1243
ligue1_lorient_panoskatseris,Panos,Katseris,ligue1,lorient,1048
ligue1_lorient_romainfaivre,Romain,Faivre,ligue1,lorient,1453
ligue1_lorient_theolebris,Theo,Le Bris,ligue1,lorient,1514
ligue1_lorient_tiemouebakayoko,Tiemoue,Bakayoko,ligue1,lorient,1317
ligue1_lyon_ainsleymaitlandniles,Ainsley,Maitland-Niles,ligue1,lyon,1432
ligue1_lyon_alexandrelacazette,Alexandre,Lacazette,ligue1,lyon,2303
ligue1_lyon_clintonmata,Clinton,Mata,ligue1,lyon,2222
ligue1_lyon_corentintolisso,Corentin,Tolisso,ligue1,lyon,1750
ligue1_lyon_dujecaletacar,Duje,Caleta-Car,ligue1,lyon,1991
ligue1_lyon_ernestnuamah,Ernest,Nuamah,ligue1,lyon,1849
ligue1_lyon_jakeobrien,Jake,O'Brien,ligue1,lyon,2370
ligue1_lyon_maxencecaqueret,Maxence,Caqueret,ligue1,lyon,3024
ligue1_lyon_nemanjamatic,Nemanja,Matic,ligue1,lyon,2286
ligue1_lyon_nicolastagliafico,Nicolas,Tagliafico,ligue1,lyon,2127
ligue1_lyon_rayancherki,Rayan,Cherki,ligue1,lyon,1717
ligue1_marseille_amineharit,Amine,Harit,ligue1,marseille,1829
ligue1_marseille_azzedineounahi,Azzedine,Ounahi,ligue1,marseille,1214
ligue1_marseille_chancelmbemba,Chancel,Mbemba,ligue1,marseille,2209
ligue1_marseille_geoffreykondogbia,Geoffrey,Kondogbia,ligue1,marseille,1457
ligue1_marseille_ilimanndiaye,Iliman,Ndiaye,ligue1,marseille,1625
ligue1_marseille_ismailasarr,Ismaila,Sarr,ligue1,marseille,1448
ligue1_marseille_jonathanclauss,Jonathan,Clauss,ligue1,marseille,2070
ligue1_marseille_jordanveretout,Jordan,Veretout,ligue1,marseille,2183
ligue1_marseille_leonardobalerdi,Leonardo,Balerdi,ligue1,marseille,2275
ligue1_marseille_pierreemerickaubameyang,Pierre-Emerick,Aubameyang,ligue1,marseille,2628
ligue1_marseille_quentinmerlin,Quentin,Merlin,ligue1,marseille,1991
ligue1_marseille_renanlodi,Renan,Lodi,ligue1,marseille,1237
ligue1_marseille_samuelgigot,Samuel,Gigot,ligue1,marseille,1729
ligue1_metz_cheicktidianesabaly,Cheick Tidiane,Sabaly,ligue1,metz,1384
ligue1_metz_christopheherelle,Christophe,Herelle,ligue1,metz,1620
ligue1_metz_danleyjeanjacques,Danley,Jean Jacques,ligue1,metz,2685
ligue1_metz_falicande,Fali,Cande,ligue1,metz,1845
ligue1_metz_georgesmikautadze,Georges,Mikautadze,ligue1,metz,1753
ligue1_metz_ismaeltraore,Ismael,Traore,ligue1,metz,2221
ligue1_metz_kevinndoram,Kevin,N'Doram,ligue1,metz,1604
ligue1_metz_kevinvandenkerkhof,Kevin,Van Den Kerkhof,ligue1,metz,1912
ligue1_metz_laminecamara,Lamine,Camara,ligue1,metz,2263
ligue1_metz_matthieuudol,Matthieu,Udol,ligue1,metz,2700
ligue1_metz_maximecolin,Maxime,Colin,ligue1,metz,1836
ligue1_monaco_aleksandrgolovin,Aleksandr,Golovin,ligue1,monaco,2154
ligue1_monaco_deniszakaria,Denis,Zakaria,ligue1,monaco,2141
ligue1_monaco_folarinbalogun,Folarin,Balogun,ligue1,monaco,1694
ligue1_monaco_guillermomaripan,Guillermo,Maripan,ligue1,monaco,1768
ligue1_monaco_ismailjakobs,Ismail,Jakobs,ligue1,monaco,1467
ligue1_monaco_krepindiatta,Krepin,Diatta,ligue1,monaco,1194
ligue1_monaco_maghnesakliouche,Maghnes,Akliouche,ligue1,monaco,1618
ligue1_monaco_mohamedcamara,Mohamed,Camara,ligue1,monaco,1040
ligue1_monaco_mohammedsalisu,Mohammed,Salisu,ligue1,monaco,1035
ligue1_monaco_soungoutoumagassa,Soungoutou,Magassa,ligue1,monaco,1342
ligue1_monaco_takumiminamino,Takumi,Minamino,ligue1,monaco,2125
ligue1_monaco_thilokehrer,Thilo,Kehrer,ligue1,monaco,1324
ligue1_monaco_vanderson,,Vanderson,ligue1,monaco,1649
ligue1_monaco_wilfriedsingo,Wilfried,Singo,ligue1,monaco,2186
ligue1_monaco_wissambenyedder,Wissam,Ben Yedder,ligue1,monaco,2321
ligue1_monaco_youssouffofana,Youssouf,Fofana,ligue1,monaco,2701
ligue1_montpellier_akoradams,Akor,Adams,ligue1,montpellier,2264
ligue1_montpellier_arnaudnordin,Arnaud,Nordin,ligue1,montpellier,1251
ligue1_montpellier_beciromeragic,Becir,Omeragic,ligue1,montpellier,2312
ligue1_montpellier_christopherjullien,Christopher,Jullien,ligue1,montpellier,1221
ligue1_montpellier_falayesacko,Falaye,Sacko,ligue1,montpellier,1379
ligue1_montpellier_issiagasylla,Issiaga,Sylla,ligue1,montpellier,1457
ligue1_montpellier_jordanferri,Jordan,Ferri,ligue1,montpellier,2037
ligue1_montpellier_jorischotard,Joris,Chotard,ligue1,montpellier,2593
ligue1_montpellier_khalilfayad,Khalil,Fayad,ligue1,montpellier,1021
ligue1_montpellier_maximeesteve,Maxime,Esteve,ligue1,montpellier,1069
ligue1_montpellier_modibosagnan,Modibo,Sagnan,ligue1,montpellier,1056
ligue1_montpellier_mousatamari,Mousa,Tamari,ligue1,montpellier,1941
ligue1_montpellier_tejisavanier,Teji,Savanier,ligue1,montpellier,2773
ligue1_montpellier_wahbikhazri,Wahbi,Khazri,ligue1,montpellier,1132
ligue1_nantes_eraycomert,Eray,Comert,ligue1,nantes,1998
ligue1_nantes_florentmollet,Florent,Mollet,ligue1,nantes,2090
ligue1_nantes_jeancharlescastelletto,Jean-Charles,Castelletto,ligue1,nantes,2466
ligue1_nantes_jeankevinduverne,Jean-Kevin,Duverne,ligue1,nantes,1350
ligue1_nantes_marcuscoco,Marcus,Coco,ligue1,nantes,1487
ligue1_nantes_matthisabline,Matthis,Abline,ligue1,nantes,1043
ligue1_nantes_mosessimon,Moses,Simon,ligue1,nantes,1793
ligue1_nantes_mostafamohamed,Mostafa,Mohamed,ligue1,nantes,2016
ligue1_nantes_moussasissoko,Moussa,Sissoko,ligue1,nantes,1823
ligue1_nantes_nathanzeze,Nathan,Zeze,ligue1,nantes,1022
ligue1_nantes_nicolaspallois,Nicolas,Pallois,ligue1,nantes,1586
ligue1_nantes_pedrochirivella,Pedro,Chirivella,ligue1,nantes,2600
ligue1_nantes_samuelmoutoussamy,Samuel,Moutoussamy,ligue1,nantes,1099
ligue1_nantes_tinokadewere,Tino,Kadewere,ligue1,nantes,1071
ligue1_nice_dante,,Dante,ligue1,nice,2844
ligue1_nice_evannguessand,Evann,Guessand,ligue1,nice,1542
ligue1_nice_gaetanlaborde,Gaetan,Laborde,ligue1,nice,1912
ligue1_nice_hichamboudaoui,Hicham,Boudaoui,ligue1,nice,1612
ligue1_nice_jeanclairtodibo,Jean-Clair,Todibo,ligue1,nice,2654
ligue1_nice_jeremieboga,Jeremie,Boga,ligue1,nice,2008
ligue1_nice_jordanlotomba,Jordan,Lotomba,ligue1,nice,1808
ligue1_nice_melvinbard,Melvin,Bard,ligue1,nice,2661
ligue1_nice_morgansanson,Morgan,Sanson,ligue1,nice,1978
ligue1_nice_pablorosario,Pablo,Rosario,ligue1,nice,2004
ligue1_nice_teremmoffi,Terem,Moffi,ligue1,nice,1960
ligue1_nice_youssoufndayishimiye,Youssouf,Ndayishimiye,ligue1,nice,1713
ligue1_parissaintgermain_achrafhakimi,Achraf,Hakimi,ligue1,parissaintgermain,1931
ligue1_parissaintgermain_bradleybarcola,Bradley,Barcola,ligue1,parissaintgermain,1645
ligue1_parissaintgermain_carlossoler,Carlos,Soler,ligue1,parissaintgermain,1089
ligue1_parissaintgermain_danilopereira,Danilo,Pereira,ligue1,parissaintgermain,1993
ligue1_parissaintgermain_fabianruiz,Fabian,Ruiz,ligue1,parissaintgermain,1194
ligue1_parissaintgermain_goncaloramos,Goncalo,Ramos,ligue1,parissaintgermain,1420
ligue1_parissaintgermain_kanginlee,Kang-in,Lee,ligue1,parissaintgermain,1470
ligue1_parissaintgermain_kylianmbappe,Kylian,Mbappe,ligue1,parissaintgermain,2158
ligue1_parissaintgermain_lucasberaldo,Lucas,Beraldo,ligue1,parissaintgermain,1011
ligue1_parissaintgermain_lucashernandez,Lucas,Hernandez,ligue1,parissaintgermain,1915
ligue1_parissaintgermain_manuelugarte,Manuel,Ugarte,ligue1,parissaintgermain,1934
ligue1_parissaintgermain_marcoasensio,Marco,Asensio,ligue1,parissaintgermain,1112
ligue1_parissaintgermain_marquinhos,,Marquinhos,ligue1,parissaintgermain,1539
ligue1_parissaintgermain_milanskriniar,Milan,Skriniar,ligue1,parissaintgermain,1623
ligue1_parissaintgermain_ousmanedembele,Ousmane,Dembele,ligue1,parissaintgermain,1509
ligue1_parissaintgermain_randalkolomuani,Randal,Kolo Muani,ligue1,parissaintgermain,1264
ligue1_parissaintgermain_vitinha,,Vitinha,ligue1,parissaintgermain,2130
ligue1_parissaintgermain_warrenzaireemery,Warren,Zaire-Emery,ligue1,parissaintgermain,1962
ligue1_reims_amirrichardson,Amir,Richardson,ligue1,reims,1349
ligue1_reims_emmanuelagbadou,Emmanuel,Agbadou,ligue1,reims,2597
ligue1_reims_josephokumu,Joseph,Okumu,ligue1,reims,1742
ligue1_reims_junyaito,Junya,Ito,ligue1,reims,2722
ligue1_reims_keitonakamura,Keito,Nakamura,ligue1,reims,1390
ligue1_reims_marshallmunetsi,Marshall,Munetsi,ligue1,reims,2178
ligue1_reims_mohameddaramy,Mohamed,Daramy,ligue1,reims,1656
ligue1_reims_oumardiakite,Oumar,Diakite,ligue1,reims,1587
ligue1_reims_redakhadra,Reda,Khadra,ligue1,reims,1365
ligue1_reims_teddyteuma,Teddy,Teuma,ligue1,reims,2123
ligue1_reims_thibaultdesmet,Thibault,De Smet,ligue1,reims,1834
ligue1_reims_thomasfoket,Thomas,Foket,ligue1,reims,1837
ligue1_reims_yunisabdelhamid,Yunis,Abdelhamid,ligue1,reims,2782
ligue1_rennes_adrientruffert,Adrien,Truffert,ligue1,rennes,2145
ligue1_rennes_aliduseidu,Alidu,Seidu,ligue1,rennes,1727
ligue1_rennes_aminegouiri,Amine,Gouiri,ligue1,rennes,2074
ligue1_rennes_arthurtheate,Arthur,Theate,ligue1,rennes,2300
ligue1_rennes_azormatusiwa,Azor,Matusiwa,ligue1,rennes,2183
ligue1_rennes_baptistesantamaria,Baptiste,Santamaria,ligue1,rennes,1930
ligue1_rennes_benjaminbourigeaud,Benjamin,Bourigeaud,ligue1,rennes,2435
ligue1_rennes_christopherwooh,Christopher,Wooh,ligue1,rennes,1388
ligue1_rennes_desiredoue,Desire,Doue,ligue1,rennes,1625
ligue1_rennes_enzolefee,Enzo,Le Fee,ligue1,rennes,1532
ligue1_rennes_gueladoue,Guela,Doue,ligue1,rennes,1228
ligue1_rennes_jeanuelbelocian,Jeanuel,Belocian,ligue1,rennes,1449
ligue1_rennes_lorenzassignon,Lorenz,Assignon,ligue1,rennes,1012
ligue1_rennes_ludovicblas,Ludovic,Blas,ligue1,rennes,1565
ligue1_rennes_martinterrier,Martin,Terrier,ligue1,rennes,1532
ligue1_rennes_warmedomari,Warmed,Omari,ligue1,rennes,2071
ligue1_strasbourg_abakarsylla,Abakar,Sylla,ligue1,strasbourg,1792
ligue1_strasbourg_angelo,,Angelo,ligue1,strasbourg,1089
ligue1_strasbourg_dilanebakwa,Dilane,Bakwa,ligue1,strasbourg,2186
ligue1_strasbourg_emmanuelemegha,Emmanuel,Emegha,ligue1,strasbourg,2084
ligue1_strasbourg_fredericguilbert,Frederic,Guilbert,ligue1,strasbourg,2493
ligue1_strasbourg_gerzinonyamsi,Gerzino,Nyamsi,ligue1,strasbourg,1093
ligue1_strasbourg_habibdiarra,Habib,Diarra,ligue1,strasbourg,2311
ligue1_strasbourg_ibrahimasissoko,Ibrahima,Sissoko,ligue1,strasbourg,1640
ligue1_strasbourg_ismaeldoukoure,Ismael,Doukoure,ligue1,strasbourg,1659
ligue1_strasbourg_juniormwanga,Junior,Mwanga,ligue1,strasbourg,1457
ligue1_strasbourg_kevingameiro,Kevin,Gameiro,ligue1,strasbourg,1345
ligue1_strasbourg_lucasperrin,Lucas,Perrin,ligue1,strasbourg,2722
ligue1_strasbourg_marvinsenaya,Marvin,Senaya,ligue1,strasbourg,2140
ligue1_strasbourg_thomasdelaine,Thomas,Delaine,ligue1,strasbourg,2050
ligue1_toulouse_arondonnum,Aron,Donnum,ligue1,toulouse,1602
ligue1_toulouse_christianmawissa,Christian,Mawissa,ligue1,toulouse,1117
ligue1_toulouse_frankmagri,Frank,Magri,ligue1,toulouse,1433
ligue1_toulouse_gabrielsuazo,Gabriel,Suazo,ligue1,toulouse,2362
ligue1_toulouse_logancosta,Logan,Costa,ligue1,toulouse,2648
ligue1_toulouse_mikkeldesler,Mikkel,Desler,ligue1,toulouse,1549
ligue1_toulouse_moussadiarra,Moussa,Diarra,ligue1,toulouse,1396
ligue1_toulouse_niklasschmidt,Niklas,Schmidt,ligue1,toulouse,1271
ligue1_toulouse_rasmusnicolaisen,Rasmus,Nicolaisen,ligue1,toulouse,2927
ligue1_toulouse_stijnspierings,Stijn,Spierings,ligue1,toulouse,1630
ligue1_toulouse_thijsdallinga,Thijs,Dallinga,ligue1,toulouse,2516
ligue1_toulouse_vincentsierro,Vincent,Sierro,ligue1,toulouse,2264
ligue1_toulouse_warenkamanzi,Waren,Kamanzi,ligue1,toulouse,1182
ligue1_toulouse_yanngboho,Yann,Gboho,ligue1,toulouse,1199
premierleague_afcbournemouth_adamsmith,Adam,Smith,premierleague,afcbournemouth,2156
premierleague_afcbournemouth_alexscott,Alex,Scott,premierleague,afcbournemouth,1010
premierleague_afcbournemouth_antoinesemenyo,Antoine,Semenyo,premierleague,afcbournemouth,2111
premierleague_afcbournemouth_dangoouattara,Dango,Ouattara,premierleague,afcbournemouth,1220
premierleague_afcbournemouth_dominicsolanke,Dominic,Solanke,premierleague,afcbournemouth,3331
premierleague_afcbournemouth_ilyazabarnyi,Ilya,Zabarnyi,premierleague,afcbournemouth,3330
premierleague_afcbournemouth_justinkluivert,Justin,Kluivert,premierleague,afcbournemouth,1934
premierleague_afcbournemouth_lewiscook,Lewis,Cook,premierleague,afcbournemouth,2792
premierleague_afcbournemouth_lloydkelly,Lloyd,Kelly,premierleague,afcbournemouth,1556
premierleague_afcbournemouth_marcossenesi,Marcos,Senesi,premierleague,afcbournemouth,2247
premierleague_afcbournemouth_marcustavernier,Marcus,Tavernier,premierleague,afcbournemouth,2129
premierleague_afcbournemouth_maxaarons,Max,Aarons,premierleague,afcbournemouth,1234
premierleague_afcbournemouth_miloskerkez,Milos,Kerkez,premierleague,afcbournemouth,1975
premierleague_afcbournemouth_philipbilling,Philip,Billing,premierleague,afcbournemouth,1393
premierleague_afcbournemouth_ryanchristie,Ryan,Christie,premierleague,afcbournemouth,2918
premierleague_arsenal_benwhite,Ben,White,premierleague,arsenal,2995
premierleague_arsenal_bukayosaka,Bukayo,Saka,premierleague,arsenal,2933
premierleague_arsenal_declanrice,Declan,Rice,premierleague,arsenal,3230
premierleague_arsenal_gabrieljesus,Gabriel,Jesus,premierleague,arsenal,1482
premierleague_arsenal_gabrielmartinelli,Gabriel,Martinelli,premierleague,arsenal,2029
premierleague_arsenal_kaihavertz,Kai,Havertz,premierleague,arsenal,2639
premierleague_arsenal_leandrotrossard,Leandro,Trossard,premierleague,arsenal,1646
premierleague_arsenal_martinodegaard,Martin,Odegaard,premierleague,arsenal,3098
premierleague_arsenal_oleksandrzinchenko,Oleksandr,Zinchenko,premierleague,arsenal,1722
premierleague_arsenal_takehirotomiyasu,Takehiro,Tomiyasu,premierleague,arsenal,1143
premierleague_arsenal_williamsaliba,William,Saliba,premierleague,arsenal,3420
premierleague_astonvilla_alexmoreno,Alex,Moreno,premierleague,astonvilla,1030
premierleague_astonvilla_boubacarkamara,Boubacar,Kamara,premierleague,astonvilla,1659
premierleague_astonvilla_clementlenglet,Clement,Lenglet,premierleague,astonvilla,1155
premierleague_astonvilla_diegocarlos,Diego,Carlos,premierleague,astonvilla,1811
premierleague_astonvilla_douglasluiz,Douglas,Luiz,premierleague,astonvilla,3001
premierleague_astonvilla_ezrikonsa,Ezri,Konsa,premierleague,astonvilla,3073
premierleague_astonvilla_johnmcginn,John,McGinn,premierleague,astonvilla,3009
premierleague_astonvilla_leonbailey,Leon,Bailey,premierleague,astonvilla,2073
premierleague_astonvilla_lucasdigne,Lucas,Digne,premierleague,astonvilla,2410
premierleague_astonvilla_mattycash,Matty,Cash,premierleague,astonvilla,2142
premierleague_astonvilla_moussadiaby,Moussa,Diaby,premierleague,astonvilla,2184
premierleague_astonvilla_olliewatkins,Ollie,Watkins,premierleague,astonvilla,3221
premierleague_astonvilla_pautorres,Pau,Torres,premierleague,astonvilla,2463
premierleague_astonvilla_youritielemans,Youri,Tielemans,premierleague,astonvilla,1620
premierleague_brentford_benmee,Ben,Mee,premierleague,brentford,1276
premierleague_brentford_bryanmbeumo,Bryan,Mbeumo,premierleague,brentford,1959
premierleague_brentford_christiannorgaard,Christian,Norgaard,premierleague,brentford,2513
premierleague_brentford_ethanpinnock,Ethan,Pinnock,premierleague,brentford,2521
premierleague_brentford_frankonyeka,Frank,Onyeka,premierleague,brentford,1155
premierleague_brentford_ivantoney,Ivan,Toney,premierleague,brentford,1449
premierleague_brentford_keanelewispotter,Keane,Lewis-Potter,premierleague,brentford,1441
premierleague_brentford_kristofferajer,Kristoffer,Ajer,premierleague,brentford,1833
premierleague_brentford_madsroerslev,Mads,Roerslev,premierleague,brentford,1987
premierleague_brentford_mathiasjensen,Mathias,Jensen,premierleague,brentford,2217
premierleague_brentford_nathancollins,Nathan,Collins,premierleague,brentford,2649
premierleague_brentford_nealmaupay,Neal,Maupay,premierleague,brentford,1424
premierleague_brentford_sergioreguilon,Sergio,Reguilon,premierleague,brentford,1534
premierleague_brentford_vitalyjanelt,Vitaly,Janelt,premierleague,brentford,3069
premierleague_brentford_yoanewissa,Yoane,Wissa,premierleague,brentford,2508
premierleague_brightonhovealbion_adamwebster,Adam,Webster,premierleague,brightonhovealbion,1143
premierleague_brightonhovealbion_billygilmour,Billy,Gilmour,premierleague,brightonhovealbion,2125
premierleague_brightonhovealbion_carlosbaleba,Carlos,Baleba,premierleague,brightonhovealbion,1321
premierleague_brightonhovealbion_dannywelbeck,Danny,Welbeck,premierleague,brightonhovealbion,1703
premierleague_brightonhovealbion_evanferguson,Evan,Ferguson,premierleague,brightonhovealbion,1365
premierleague_brightonhovealbion_facundobuonanotte,Facundo,Buonanotte,premierleague,brightonhovealbion,1368
premierleague_brightonhovealbion_igorjulio,Igor,Julio,premierleague,brightonhovealbion,1636
premierleague_brightonhovealbion_janpaulvanhecke,Jan Paul,van Hecke,premierleague,brightonhovealbion,2368
premierleague_brightonhovealbion_joaopedro,Joao,Pedro,premierleague,brightonhovealbion,2043
premierleague_brightonhovealbion_joelveltman,Joel,Veltman,premierleague,brightonhovealbion,1582
premierleague_brightonhovealbion_kaorumitoma,Kaoru,Mitoma,premierleague,brightonhovealbion,1488
premierleague_brightonhovealbion_lewisdunk,Lewis,Dunk,premierleague,brightonhovealbion,2872
premierleague_brightonhovealbion_pascalgro,Pascal,Gro,premierleague,brightonhovealbion,3114
premierleague_brightonhovealbion_pervisestupinan,Pervis,Estupinan,premierleague,brightonhovealbion,1244
premierleague_brightonhovealbion_simonadingra,Simon,Adingra,premierleague,brightonhovealbion,2230
premierleague_burnley_ameenaldakhil,Ameen,Al-Dakhil,premierleague,burnley,1055
premierleague_burnley_charlietaylor,Charlie,Taylor,premierleague,burnley,2332
premierleague_burnley_daraoshea,Dara,O'Shea,premierleague,burnley,2894
premierleague_burnley_jacobbruunlarsen,Jacob,Bruun Larsen,premierleague,burnley,1248
premierleague_burnley_johanngumundsson,Johann,Gumundsson,premierleague,burnley,1191
premierleague_burnley_jordanbeyer,Jordan,Beyer,premierleague,burnley,1238
premierleague_burnley_joshbrownhill,Josh,Brownhill,premierleague,burnley,2251
premierleague_burnley_joshcullen,Josh,Cullen,premierleague,burnley,2059
premierleague_burnley_lorenzassignon,Lorenz,Assignon,premierleague,burnley,1237
premierleague_burnley_lylefoster,Lyle,Foster,premierleague,burnley,1906
premierleague_burnley_maximeesteve,Maxime,Esteve,premierleague,burnley,1312
premierleague_burnley_sanderberge,Sander,Berge,premierleague,burnley,3005
premierleague_burnley_vitinho,,Vitinho,premierleague,burnley,2316
premierleague_burnley_wilsonodobert,Wilson,Odobert,premierleague,burnley,2107
premierleague_burnley_zekiamdouni,Zeki,Amdouni,premierleague,burnley,1971
premierleague_chelsea_axeldisasi,Axel,Disasi,premierleague,chelsea,2581
premierleague_chelsea_benoitbadiashile,Benoit,Badiashile,premierleague,chelsea,1337
premierleague_chelsea_colepalmer,Cole,Palmer,premierleague,chelsea,2624
premierleague_chelsea_conorgallagher,Conor,Gallagher,premierleague,chelsea,3135
premierleague_chelsea_enzofernandez,Enzo,Fernandez,premierleague,chelsea,2214
premierleague_chelsea_levicolwill,Levi,Colwill,premierleague,chelsea,1798
premierleague_chelsea_malogusto,Malo,Gusto,premierleague,chelsea,1755
premierleague_chelsea_marccucurella,Marc,Cucurella,premierleague,chelsea,1784
premierleague_chelsea_moisescaicedo,Moises,Caicedo,premierleague,chelsea,2872
premierleague_chelsea_mykhailomudryk,Mykhailo,Mudryk,premierleague,chelsea,1578
premierleague_chelsea_nicolasjackson,Nicolas,Jackson,premierleague,chelsea,2804
premierleague_chelsea_nonimadueke,Noni,Madueke,premierleague,chelsea,1053
premierleague_chelsea_raheemsterling,Raheem,Sterling,premierleague,chelsea,1981
premierleague_chelsea_thiagosilva,Thiago,Silva,premierleague,chelsea,2527
premierleague_crystalpalace_adamwharton,Adam,Wharton,premierleague,crystalpalace,1305
premierleague_crystalpalace_chrisrichards,Chris,Richards,premierleague,crystalpalace,2091
premierleague_crystalpalace_danielmunoz,Daniel,Munoz,premierleague,crystalpalace,1439
premierleague_crystalpalace_eberechieze,Eberechi,Eze,premierleague,crystalpalace,2065
premierleague_crystalpalace_jeanphilippemateta,Jean-Philippe,Mateta,premierleague,crystalpalace,2283
premierleague_crystalpalace_jeffersonlerma,Jefferson,Lerma,premierleague,crystalpalace,2403
premierleague_crystalpalace_jeffreyschlupp,Jeffrey,Schlupp,premierleague,crystalpalace,1355
premierleague_crystalpalace_joachimandersen,Joachim,Andersen,premierleague,crystalpalace,3416
premierleague_crystalpalace_joelward,Joel,Ward,premierleague,crystalpalace,1982
premierleague_crystalpalace_jordanayew,Jordan,Ayew,premierleague,crystalpalace,2549
premierleague_crystalpalace_marcguehi,Marc,Guehi,premierleague,crystalpalace,2022
premierleague_crystalpalace_michaelolise,Michael,Olise,premierleague,crystalpalace,1277
premierleague_crystalpalace_nathanielclyne,Nathaniel,Clyne,premierleague,crystalpalace,1337
premierleague_crystalpalace_odsonneedouard,Odsonne,Edouard,premierleague,crystalpalace,1552
premierleague_crystalpalace_tyrickmitchell,Tyrick,Mitchell,premierleague,crystalpalace,3208
premierleague_crystalpalace_willhughes,Will,Hughes,premierleague,crystalpalace,1899
premierleague_everton_abdoulayedoucoure,Abdoulaye,Doucoure,premierleague,everton,2637
premierleague_everton_amadouonana,Amadou,Onana,premierleague,everton,2090
premierleague_everton_ashleyyoung,Ashley,Young,premierleague,everton,2288
premierleague_everton_bengodfrey,Ben,Godfrey,premierleague,everton,1122
premierleague_everton_dominiccalvertlewin,Dominic,Calvert-Lewin,premierleague,everton,2185
premierleague_everton_dwightmcneil,Dwight,McNeil,premierleague,everton,2897
premierleague_everton_idrissaganagueye,Idrissa,Gana Gueye,premierleague,everton,1892
premierleague_everton_jackharrison,Jack,Harrison,premierleague,everton,2219
premierleague_everton_jamesgarner,James,Garner,premierleague,everton,3005
premierleague_everton_jamestarkowski,James,Tarkowski,premierleague,everton,3419
premierleague_everton_jarradbranthwaite,Jarrad,Branthwaite,premierleague,everton,3117
premierleague_everton_vitaliymykolenko,Vitaliy,Mykolenko,premierleague,everton,2471
premierleague_fulham_alexiwobi,Alex,Iwobi,premierleague,fulham,2342
premierleague_fulham_andreaspereira,Andreas,Pereira,premierleague,fulham,2637
premierleague_fulham_antoneerobinson,Antonee,Robinson,premierleague,fulham,3270
premierleague_fulham_calvinbassey,Calvin,Bassey,premierleague,fulham,2301
premierleague_fulham_harrisonreed,Harrison,Reed,premierleague,fulham,1324
premierleague_fulham_harrywilson,Harry,Wilson,premierleague,fulham,1614
premierleague_fulham_issadiop,Issa,Diop,premierleague,fulham,1425
premierleague_fulham_joaopalhinha,Joao,Palhinha,premierleague,fulham,2709
premierleague_fulham_rauljimenez,Raul,Jimenez,premierleague,fulham,1402
premierleague_fulham_rodrigomuniz,Rodrigo,Muniz,premierleague,fulham,1597
premierleague_fulham_sasalukic,Sasa,Lukic,premierleague,fulham,1119
premierleague_fulham_timothycastagne,Timothy,Castagne,premierleague,fulham,2633
premierleague_fulham_timream,Tim,Ream,premierleague,fulham,1504
premierleague_fulham_tomcairney,Tom,Cairney,premierleague,fulham,1475
premierleague_fulham_tosinadarabioyo,Tosin,Adarabioyo,premierleague,fulham,1617
premierleague_fulham_willian,,Willian,premierleague,fulham,2054
premierleague_liverpool_alexismacallister,Alexis,Mac Allister,premierleague,liverpool,2609
premierleague_liverpool_andyrobertson,Andy,Robertson,premierleague,liverpool,1691
premierleague_liverpool_codygakpo,Cody,Gakpo,premierleague,liverpool,1644
premierleague_liverpool_curtisjones,Curtis,Jones,premierleague,liverpool,1167
premierleague_liverpool_darwinnunez,Darwin,Nunez,premierleague,liverpool,2046
premierleague_liverpool_diogojota,Diogo,Jota,premierleague,liverpool,1150
premierleague_liverpool_dominikszoboszlai,Dominik,Szoboszlai,premierleague,liverpool,2109
premierleague_liverpool_harveyelliott,Harvey,Elliott,premierleague,liverpool,1336
premierleague_liverpool_ibrahimakonate,Ibrahima,Konate,premierleague,liverpool,1571
premierleague_liverpool_jarellquansah,Jarell,Quansah,premierleague,liverpool,1189
premierleague_liverpool_joegomez,Joe,Gomez,premierleague,liverpool,1779
premierleague_liverpool_luisdiaz,Luis,Diaz,premierleague,liverpool,2646
premierleague_liverpool_mohamedsalah,Mohamed,Salah,premierleague,liverpool,2535
premierleague_liverpool_ryangravenberch,Ryan,Gravenberch,premierleague,liverpool,1121
premierleague_liverpool_trentalexanderarnold,Trent,Alexander-Arnold,premierleague,liverpool,2159
premierleague_liverpool_virgilvandijk,Virgil,van Dijk,premierleague,liverpool,3178
premierleague_liverpool_wataruendo,Wataru,Endo,premierleague,liverpool,1719
premierleague_lutontown_albertsambilokonga,Albert,Sambi Lokonga,premierleague,lutontown,1308
premierleague_lutontown_alfiedoughty,Alfie,Doughty,premierleague,lutontown,2937
premierleague_lutontown_amariibell,Amari'i,Bell,premierleague,lutontown,1722
premierleague_lutontown_androstownsend,Andros,Townsend,premierleague,lutontown,1209
premierleague_lutontown_carltonmorris,Carlton,Morris,premierleague,lutontown,2867
premierleague_lutontown_chiedozieogbene,Chiedozie,Ogbene,premierleague,lutontown,1993
premierleague_lutontown_elijahadebayo,Elijah,Adebayo,premierleague,lutontown,1418
premierleague_lutontown_gabrielosho,Gabriel,Osho,premierleague,lutontown,1848
premierleague_lutontown_issakabore,Issa,Kabore,premierleague,lutontown,1732
premierleague_lutontown_jacobbrown,Jacob,Brown,premierleague,lutontown,1020
premierleague_lutontown_jordanclark,Jordan,Clark,premierleague,lutontown,1306
premierleague_lutontown_marvelousnakamba,Marvelous,Nakamba,premierleague,lutontown,1134
premierleague_lutontown_reeceburke,Reece,Burke,premierleague,lutontown,1663
premierleague_lutontown_rossbarkley,Ross,Barkley,premierleague,lutontown,2622
premierleague_lutontown_tahithchong,Tahith,Chong,premierleague,lutontown,1986
premierleague_lutontown_tedenmengi,Teden,Mengi,premierleague,lutontown,2470
premierleague_lutontown_tomlockyer,Tom,Lockyer,premierleague,lutontown,1171
premierleague_manchestercity_bernardosilva,Bernardo,Silva,premierleague,manchestercity,2581
premierleague_manchestercity_erlinghaaland,Erling,Haaland,premierleague,manchestercity,2556
premierleague_manchestercity_jackgrealish,Jack,Grealish,premierleague,manchestercity,1003
premierleague_manchestercity_jeremydoku,Jeremy,Doku,premierleague,manchestercity,1593
premierleague_manchestercity_johnstones,John,Stones,premierleague,manchestercity,1064
premierleague_manchestercity_joskogvardiol,Josko,Gvardiol,premierleague,manchestercity,2328
premierleague_manchestercity_julianalvarez,Julian,Alvarez,premierleague,manchestercity,2657
premierleague_manchestercity_kevindebruyne,Kevin,De Bruyne,premierleague,manchestercity,1227
premierleague_manchestercity_kylewalker,Kyle,Walker,premierleague,manchestercity,2767
premierleague_manchestercity_manuelakanji,Manuel,Akanji,premierleague,manchestercity,2513
premierleague_manchestercity_mateokovacic,Mateo,Kovacic,premierleague,manchestercity,1548
premierleague_manchestercity_nathanake,Nathan,Ake,premierleague,manchestercity,2044
premierleague_manchestercity_philfoden,Phil,Foden,premierleague,manchestercity,2865
premierleague_manchestercity_rodri,,Rodri,premierleague,manchestercity,2938
premierleague_manchestercity_rubendias,Ruben,Dias,premierleague,manchestercity,2557
premierleague_manchesterunited_aaronwanbissaka,Aaron,Wan-Bissaka,premierleague,manchesterunited,1781
premierleague_manchesterunited_alejandrogarnacho,Alejandro,Garnacho,premierleague,manchesterunited,2573
premierleague_manchesterunited_antony,,Antony,premierleague,manchesterunited,1323
premierleague_manchesterunited_brunofernandes,Bruno,Fernandes,premierleague,manchesterunited,3119
premierleague_manchesterunited_casemiro,,Casemiro,premierleague,manchesterunited,1985
premierleague_manchesterunited_christianeriksen,Christian,Eriksen,premierleague,manchesterunited,1139
premierleague_manchesterunited_diogodalot,Diogo,Dalot,premierleague,manchesterunited,3173
premierleague_manchesterunited_harrymaguire,Harry,Maguire,premierleague,manchesterunited,1650
premierleague_manchesterunited_jonnyevans,Jonny,Evans,premierleague,manchesterunited,1396
premierleague_manchesterunited_kobbiemainoo,Kobbie,Mainoo,premierleague,manchesterunited,1939
premierleague_manchesterunited_marcusrashford,Marcus,Rashford,premierleague,manchesterunited,2278
premierleague_manchesterunited_raphaelvarane,Raphael,Varane,premierleague,manchesterunited,1371
premierleague_manchesterunited_rasmushojlund,Rasmus,Hojlund,premierleague,manchesterunited,2169
premierleague_manchesterunited_scottmctominay,Scott,McTominay,premierleague,manchesterunited,1891
premierleague_manchesterunited_victorlindelof,Victor,Lindelof,premierleague,manchesterunited,1332
premierleague_newcastleunited_alexanderisak,Alexander,Isak,premierleague,newcastleunited,2265
premierleague_newcastleunited_anthonygordon,Anthony,Gordon,premierleague,newcastleunited,2898
premierleague_newcastleunited_brunoguimaraes,Bruno,Guimaraes,premierleague,newcastleunited,3268
premierleague_newcastleunited_danburn,Dan,Burn,premierleague,newcastleunited,2732
premierleague_newcastleunited_elliotanderson,Elliot,Anderson,premierleague,newcastleunited,1022
premierleague_newcastleunited_fabianschar,Fabian,Schar,premierleague,newcastleunited,3054
premierleague_newcastleunited_jacobmurphy,Jacob,Murphy,premierleague,newcastleunited,1193
premierleague_newcastleunited_jamaallascelles,Jamaal,Lascelles,premierleague,newcastleunited,1080
premierleague_newcastleunited_joelinton,,Joelinton,premierleague,newcastleunited,1282
premierleague_newcastleunited_kierantrippier,Kieran,Trippier,premierleague,newcastleunited,2240
premierleague_newcastleunited_lewismiley,Lewis,Miley,premierleague,newcastleunited,1205
premierleague_newcastleunited_miguelalmiron,Miguel,Almiron,premierleague,newcastleunited,1945
premierleague_newcastleunited_seanlongstaff,Sean,Longstaff,premierleague,newcastleunited,2746
premierleague_newcastleunited_svenbotman,Sven,Botman,premierleague,newcastleunited,1378
premierleague_newcastleunited_tinolivramento,Tino,Livramento,premierleague,newcastleunited,1305
premierleague_nottinghamforest_anthonyelanga,Anthony,Elanga,premierleague,nottinghamforest,2434
premierleague_nottinghamforest_chriswood,Chris,Wood,premierleague,nottinghamforest,1806
premierleague_nottinghamforest_danilosantos,Danilo,Santos,premierleague,nottinghamforest,1796
premierleague_nottinghamforest_harrytoffolo,Harry,Toffolo,premierleague,nottinghamforest,1455
premierleague_nottinghamforest_ibrahimsangare,Ibrahim,Sangare,premierleague,nottinghamforest,1037
premierleague_nottinghamforest_morgangibbswhite,Morgan,Gibbs-White,premierleague,nottinghamforest,3160
premierleague_nottinghamforest_moussaniakhate,Moussa,Niakhate,premierleague,nottinghamforest,1457
premierleague_nottinghamforest_murillo,,Murillo,premierleague,nottinghamforest,2793
premierleague_nottinghamforest_necowilliams,Neco,Williams,premierleague,nottinghamforest,1634
premierleague_nottinghamforest_nicolasdominguez,Nicolas,Dominguez,premierleague,nottinghamforest,1503
premierleague_nottinghamforest_olaaina,Ola,Aina,premierleague,nottinghamforest,1700
premierleague_nottinghamforest_orelmangala,Orel,Mangala,premierleague,nottinghamforest,1569
premierleague_nottinghamforest_ryanyates,Ryan,Yates,premierleague,nottinghamforest,1986
premierleague_nottinghamforest_taiwoawoniyi,Taiwo,Awoniyi,premierleague,nottinghamforest,1046
premierleague_nottinghamforest_willyboly,Willy,Boly,premierleague,nottinghamforest,1443
premierleague_sheffieldunited_anelahmedhodzic,Anel,Ahmedhodzic,premierleague,sheffieldunited,2649
premierleague_sheffieldunited_austontrusty,Auston,Trusty,premierleague,sheffieldunited,2572
premierleague_sheffieldunited_benosborn,Ben,Osborn,premierleague,sheffieldunited,1359
premierleague_sheffieldunited_cameronarcher,Cameron,Archer,premierleague,sheffieldunited,1839
premierleague_sheffieldunited_gustavohamer,Gustavo,Hamer,premierleague,sheffieldunited,2923
premierleague_sheffieldunited_jackrobinson,Jack,Robinson,premierleague,sheffieldunited,2885
premierleague_sheffieldunited_jamesmcatee,James,McAtee,premierleague,sheffieldunited,1828
premierleague_sheffieldunited_jaydenbogle,Jayden,Bogle,premierleague,sheffieldunited,2792
premierleague_sheffieldunited_olimcburnie,Oli,McBurnie,premierleague,sheffieldunited,1283
premierleague_sheffieldunited_olivernorwood,Oliver,Norwood,premierleague,sheffieldunited,1433
premierleague_sheffieldunited_viniciussouza,Vinicius,Souza,premierleague,sheffieldunited,2672
premierleague_tottenhamhotspur_bendavies,Ben,Davies,premierleague,tottenhamhotspur,1085
premierleague_tottenhamhotspur_brennanjohnson,Brennan,Johnson,premierleague,tottenhamhotspur,2330
premierleague_tottenhamhotspur_cristianromero,Cristian,Romero,premierleague,tottenhamhotspur,2792
premierleague_tottenhamhotspur_dejankulusevski,Dejan,Kulusevski,premierleague,tottenhamhotspur,2763
premierleague_tottenhamhotspur_destinyudogie,Destiny,Udogie,premierleague,tottenhamhotspur,2398
premierleague_tottenhamhotspur_emersonroyal,Emerson,Royal,premierleague,tottenhamhotspur,1155
premierleague_tottenhamhotspur_jamesmaddison,James,Maddison,premierleague,tottenhamhotspur,2152
premierleague_tottenhamhotspur_mickyvandeven,Micky,van de Ven,premierleague,tottenhamhotspur,2342
premierleague_tottenhamhotspur_papematarsarr,Pape Matar,Sarr,premierleague,tottenhamhotspur,2085
premierleague_tottenhamhotspur_pedroporro,Pedro,Porro,premierleague,tottenhamhotspur,3092
premierleague_tottenhamhotspur_pierreemilehojbjerg,Pierre-Emile,Hojbjerg,premierleague,tottenhamhotspur,1293
premierleague_tottenhamhotspur_richarlison,,Richarlison,premierleague,tottenhamhotspur,1492
premierleague_tottenhamhotspur_rodrigobentancur,Rodrigo,Bentancur,premierleague,tottenhamhotspur,1007
premierleague_tottenhamhotspur_yvesbissouma,Yves,Bissouma,premierleague,tottenhamhotspur,2081
premierleague_westhamunited_edsonalvarez,Edson,Alvarez,premierleague,westhamunited,2383
premierleague_westhamunited_emerson,,Emerson,premierleague,westhamunited,3142
premierleague_westhamunited_jameswardprowse,James,Ward-Prowse,premierleague,westhamunited,3005
premierleague_westhamunited_jarrodbowen,Jarrod,Bowen,premierleague,westhamunited,3020
premierleague_westhamunited_konstantinosmavropanos,Konstantinos,Mavropanos,premierleague,westhamunited,1501
premierleague_westhamunited_kurtzouma,Kurt,Zouma,premierleague,westhamunited,2838
premierleague_westhamunited_lucaspaqueta,Lucas,Paqueta,premierleague,westhamunited,2634
premierleague_westhamunited_michailantonio,Michail,Antonio,premierleague,westhamunited,1710
premierleague_westhamunited_mohammedkudus,Mohammed,Kudus,premierleague,westhamunited,2483
premierleague_westhamunited_nayefaguerd,Nayef,Aguerd,premierleague,westhamunited,1859
premierleague_westhamunited_tomassoucek,Tomas,Soucek,premierleague,westhamunited,2874
premierleague_westhamunited_vladimircoufal,Vladimir,Coufal,premierleague,westhamunited,3136
premierleague_wolverhamptonwanderers_craigdawson,Craig,Dawson,premierleague,wolverhamptonwanderers,2211
premierleague_wolverhamptonwanderers_joaogomes,Joao,Gomes,premierleague,wolverhamptonwanderers,2658
premierleague_wolverhamptonwanderers_mariolemina,Mario,Lemina,premierleague,wolverhamptonwanderers,2974
premierleague_wolverhamptonwanderers_matheuscunha,Matheus,Cunha,premierleague,wolverhamptonwanderers,2453
premierleague_wolverhamptonwanderers_mattdoherty,Matt,Doherty,premierleague,wolverhamptonwanderers,1142
premierleague_wolverhamptonwanderers_maxkilman,Max,Kilman,premierleague,wolverhamptonwanderers,3420
premierleague_wolverhamptonwanderers_nelsonsemedo,Nelson,Semedo,premierleague,wolverhamptonwanderers,3092
premierleague_wolverhamptonwanderers_pablosarabia,Pablo,Sarabia,premierleague,wolverhamptonwanderers,1748
premierleague_wolverhamptonwanderers_pedroneto,Pedro,Neto,premierleague,wolverhamptonwanderers,1518
premierleague_wolverhamptonwanderers_rayanaitnouri,Rayan,Ait-Nouri,premierleague,wolverhamptonwanderers,2344
premierleague_wolverhamptonwanderers_tommydoyle,Tommy,Doyle,premierleague,wolverhamptonwanderers,1213
premierleague_wolverhamptonwanderers_totigomes,Toti,Gomes,premierleague,wolverhamptonwanderers,2774
seriea_atalanta_ademolalookman,Ademola,Lookman,seriea,atalanta,1899
seriea_atalanta_alekseymiranchuk,Aleksey,Miranchuk,seriea,atalanta,1170
seriea_atalanta_beratdjimsiti,Berat,Djimsiti,seriea,atalanta,2831
seriea_atalanta_charlesdeketelaere,Charles,De Ketelaere,seriea,atalanta,2042
seriea_atalanta_davidezappacosta,Davide,Zappacosta,seriea,atalanta,1875
seriea_atalanta_ederson,,Ederson,seriea,atalanta,2873
seriea_atalanta_gianlucascamacca,Gianluca,Scamacca,seriea,atalanta,1459
seriea_atalanta_giorgioscalvini,Giorgio,Scalvini,seriea,atalanta,2553
seriea_atalanta_hanshateboer,Hans,Hateboer,seriea,atalanta,1104
seriea_atalanta_isakhien,Isak,Hien,seriea,atalanta,1794
seriea_atalanta_mariopasalic,Mario,Pasalic,seriea,atalanta,2048
seriea_atalanta_martenderoon,Marten,de Roon,seriea,atalanta,2599
seriea_atalanta_matteoruggeri,Matteo,Ruggeri,seriea,atalanta,2466
seriea_atalanta_seadkolasinac,Sead,Kolasinac,seriea,atalanta,2182
seriea_atalanta_teunkoopmeiners,Teun,Koopmeiners,seriea,atalanta,2632
seriea_bologna_alexissaelemaekers,Alexis,Saelemaekers,seriea,bologna,1892
seriea_bologna_danndoye,Dan,Ndoye,seriea,bologna,1775
seriea_bologna_giovannifabbian,Giovanni,Fabbian,seriea,bologna,1053
seriea_bologna_jhonlucumi,Jhon,Lucumi,seriea,bologna,2214
seriea_bologna_joshuazirkzee,Joshua,Zirkzee,seriea,bologna,2771
seriea_bologna_lewisferguson,Lewis,Ferguson,seriea,bologna,2718
seriea_bologna_michelaebischer,Michel,Aebischer,seriea,bologna,2234
seriea_bologna_remofreuler,Remo,Freuler,seriea,bologna,2632
seriea_bologna_riccardocalafiori,Riccardo,Calafiori,seriea,bologna,2338
seriea_bologna_riccardoorsolini,Riccardo,Orsolini,seriea,bologna,1792
seriea_bologna_sambeukema,Sam,Beukema,seriea,bologna,2549
seriea_bologna_stefanposch,Stefan,Posch,seriea,bologna,2418
seriea_bologna_victorkristiansen,Victor,Kristiansen,seriea,bologna,2312
seriea_cagliari_albertodossena,Alberto,Dossena,seriea,cagliari,2979
seriea_cagliari_alessandrodeiola,Alessandro,Deiola,seriea,cagliari,1608
seriea_cagliari_antoinemakoumbou,Antoine,Makoumbou,seriea,cagliari,2707
seriea_cagliari_edoardogoldaniga,Edoardo,Goldaniga,seriea,cagliari,1013
seriea_cagliari_gabrielezappa,Gabriele,Zappa,seriea,cagliari,2559
seriea_cagliari_gaetanooristanio,Gaetano,Oristanio,seriea,cagliari,1102
seriea_cagliari_gianlucalapadula,Gianluca,Lapadula,seriea,cagliari,1206
seriea_cagliari_ibrahimsulemana,Ibrahim,Sulemana,seriea,cagliari,1342
seriea_cagliari_matteoprati,Matteo,Prati,seriea,cagliari,1972
seriea_cagliari_nahitannandez,Nahitan,Nandez,seriea,cagliari,2351
seriea_cagliari_nicolasviola,Nicolas,Viola,seriea,cagliari,1202
seriea_cagliari_tommasoaugello,Tommaso,Augello,seriea,cagliari,2429
seriea_cagliari_yerrymina,Yerry,Mina,seriea,cagliari,1259
seriea_cagliari_zitoluvumbo,Zito,Luvumbo,seriea,cagliari,1947
seriea_empoli_albertograssi,Alberto,Grassi,seriea,empoli,1823
seriea_empoli_ardianismajli,Ardian,Ismajli,seriea,empoli,2046
seriea_empoli_bartoszbereszynski,Bartosz,Bereszynski,seriea,empoli,1766
seriea_empoli_emmanuelgyasi,Emmanuel,Gyasi,seriea,empoli,1873
seriea_empoli_francescocaputo,Francesco,Caputo,seriea,empoli,1274
seriea_empoli_giuseppepezzella,Giuseppe,Pezzella,seriea,empoli,1088
seriea_empoli_jacopofazzini,Jacopo,Fazzini,seriea,empoli,1226
seriea_empoli_liberatocacace,Liberato,Cacace,seriea,empoli,1907
seriea_empoli_matteocancellieri,Matteo,Cancellieri,seriea,empoli,1784
seriea_empoli_nicolocambiaghi,Nicolo,Cambiaghi,seriea,empoli,2562
seriea_empoli_razvanmarin,Razvan,Marin,seriea,empoli,1818
seriea_empoli_sebastianoluperto,Sebastiano,Luperto,seriea,empoli,3407
seriea_empoli_sebastianwalukiewicz,Sebastian,Walukiewicz,seriea,empoli,2054
seriea_empoli_tyronneebuehi,Tyronne,Ebuehi,seriea,empoli,1096
seriea_empoli_youssefmaleh,Youssef,Maleh,seriea,empoli,2610
seriea_fiorentina_alfredduncan,Alfred,Duncan,seriea,fiorentina,1893
seriea_fiorentina_andreabelotti,Andrea,Belotti,seriea,fiorentina,1624
seriea_fiorentina_arthur,,Arthur,seriea,fiorentina,1993
seriea_fiorentina_christiankouame,Christian,Kouame,seriea,fiorentina,1084
seriea_fiorentina_cristianobiraghi,Cristiano,Biraghi,seriea,fiorentina,2358
seriea_fiorentina_fabianoparisi,Fabiano,Parisi,seriea,fiorentina,1452
seriea_fiorentina_giacomobonaventura,Giacomo,Bonaventura,seriea,fiorentina,2285
seriea_fiorentina_jonathanikone,Jonathan,Ikone,seriea,fiorentina,1685
seriea_fiorentina_lucaranieri,Luca,Ranieri,seriea,fiorentina,2067
seriea_fiorentina_lucasbeltran,Lucas,Beltran,seriea,fiorentina,1694
seriea_fiorentina_lucasmartinezquarta,Lucas,Martinez Quarta,seriea,fiorentina,2292
seriea_fiorentina_mbalanzola,M'Bala,Nzola,seriea,fiorentina,1545
seriea_fiorentina_michaelkayode,Michael,Kayode,seriea,fiorentina,2063
seriea_fiorentina_nicolasgonzalez,Nicolas,Gonzalez,seriea,fiorentina,1913
seriea_fiorentina_nikolamilenkovic,Nikola,Milenkovic,seriea,fiorentina,2506
seriea_fiorentina_riccardosottil,Riccardo,Sottil,seriea,fiorentina,1108
seriea_fiorentina_rolandomandragora,Rolando,Mandragora,seriea,fiorentina,1584
seriea_frosinone_abdouharroui,Abdou,Harroui,seriea,frosinone,1025
seriea_frosinone_anthonyoyono,Anthony,Oyono,seriea,frosinone,1197
seriea_frosinone_emanuelevaleri,Emanuele,Valeri,seriea,frosinone,1178
seriea_frosinone_enzobarrenechea,Enzo,Barrenechea,seriea,frosinone,2816
seriea_frosinone_francescogelli,Francesco,Gelli,seriea,frosinone,1558
seriea_frosinone_ilariomonterisi,Ilario,Monterisi,seriea,frosinone,1467
seriea_frosinone_lucamazzitelli,Luca,Mazzitelli,seriea,frosinone,2221
seriea_frosinone_marcobrescianini,Marco,Brescianini,seriea,frosinone,2321
seriea_frosinone_matiassoule,Matias,Soule,seriea,frosinone,3136
seriea_frosinone_nadirzortea,Nadir,Zortea,seriea,frosinone,1403
seriea_frosinone_pollirola,Pol,Lirola,seriea,frosinone,1538
seriea_frosinone_reinier,,Reinier,seriea,frosinone,1064
seriea_frosinone_riccardomarchizza,Riccardo,Marchizza,seriea,frosinone,1149
seriea_frosinone_simoneromagnoli,Simone,Romagnoli,seriea,frosinone,2716
seriea_frosinone_walidcheddira,Walid,Cheddira,seriea,frosinone,2130
seriea_genoa_aaronmartin,Aaron,Martin,seriea,genoa,1380
seriea_genoa_albertgumundsson,Albert,Gumundsson,seriea,genoa,3022
seriea_genoa_alessandrovogliacco,Alessandro,Vogliacco,seriea,genoa,1171
seriea_genoa_calebekuban,Caleb,Ekuban,seriea,genoa,1123
seriea_genoa_johanvasquez,Johan,Vasquez,seriea,genoa,2851
seriea_genoa_juniormessias,Junior,Messias,seriea,genoa,1056
seriea_genoa_kevinstrootman,Kevin,Strootman,seriea,genoa,1209
seriea_genoa_konidewinter,Koni,De Winter,seriea,genoa,2378
seriea_genoa_mateoretegui,Mateo,Retegui,seriea,genoa,2225
seriea_genoa_mattiabani,Mattia,Bani,seriea,genoa,2309
seriea_genoa_milanbadelj,Milan,Badelj,seriea,genoa,2555
seriea_genoa_mortenfrendrup,Morten,Frendrup,seriea,genoa,3146
seriea_genoa_mortenthorsby,Morten,Thorsby,seriea,genoa,1143
seriea_genoa_radudragusin,Radu,Dragusin,seriea,genoa,1710
seriea_genoa_ruslanmalinovskyi,Ruslan,Malinovskyi,seriea,genoa,1547
seriea_genoa_stefanosabelli,Stefano,Sabelli,seriea,genoa,2448
seriea_hellasverona_darkolazovic,Darko,Lazovic,seriea,hellasverona,1942
seriea_hellasverona_diegocoppola,Diego,Coppola,seriea,hellasverona,1636
seriea_hellasverona_federicobonazzoli,Federico,Bonazzoli,seriea,hellasverona,1014
seriea_hellasverona_giangiacomomagnani,Giangiacomo,Magnani,seriea,hellasverona,2441
seriea_hellasverona_jacksontchatchoua,Jackson,Tchatchoua,seriea,hellasverona,1725
seriea_hellasverona_juancabal,Juan,Cabal,seriea,hellasverona,1497
seriea_hellasverona_martinhongla,Martin,Hongla,seriea,hellasverona,1085
seriea_hellasverona_michaelfolorunsho,Michael,Folorunsho,seriea,hellasverona,2793
seriea_hellasverona_ondrejduda,Ondrej,Duda,seriea,hellasverona,2463
seriea_hellasverona_paweldawidowicz,Pawel,Dawidowicz,seriea,hellasverona,2143
seriea_hellasverona_suatserdar,Suat,Serdar,seriea,hellasverona,1661
seriea_hellasverona_tijjaninoslin,Tijjani,Noslin,seriea,hellasverona,1346
seriea_hellasverona_tomassuslov,Tomas,Suslov,seriea,hellasverona,2094
seriea_inter_alessandrobastoni,Alessandro,Bastoni,seriea,inter,2283
seriea_inter_benjaminpavard,Benjamin,Pavard,seriea,inter,1677
seriea_inter_carlosaugusto,Carlos,Augusto,seriea,inter,1703
seriea_inter_denzeldumfries,Denzel,Dumfries,seriea,inter,1640
seriea_inter_federicodimarco,Federico,Dimarco,seriea,inter,2105
seriea_inter_francescoacerbi,Francesco,Acerbi,seriea,inter,2386
seriea_inter_hakancalhanoglu,Hakan,Calhanoglu,seriea,inter,2576
seriea_inter_henrikhmkhitaryan,Henrikh,Mkhitaryan,seriea,inter,2803
seriea_inter_lautaromartinez,Lautaro,Martinez,seriea,inter,2668
seriea_inter_marcusthuram,Marcus,Thuram,seriea,inter,2707
seriea_inter_matteodarmian,Matteo,Darmian,seriea,inter,2413
seriea_inter_nicolobarella,Nicolo,Barella,seriea,inter,2860
seriea_inter_stefandevrij,Stefan,de Vrij,seriea,inter,1578
seriea_juventus_adrienrabiot,Adrien,Rabiot,seriea,juventus,2651
seriea_juventus_andreacambiaso,Andrea,Cambiaso,seriea,juventus,2387
seriea_juventus_danielerugani,Daniele,Rugani,seriea,juventus,1189
seriea_juventus_danilo,,Danilo,seriea,juventus,2451
seriea_juventus_dusanvlahovic,Dusan,Vlahovic,seriea,juventus,2317
seriea_juventus_fabiomiretti,Fabio,Miretti,seriea,juventus,1104
seriea_juventus_federicochiesa,Federico,Chiesa,seriea,juventus,2207
seriea_juventus_federicogatti,Federico,Gatti,seriea,juventus,2640
seriea_juventus_filipkostic,Filip,Kostic,seriea,juventus,1831
seriea_juventus_manuellocatelli,Manuel,Locatelli,seriea,juventus,3011
seriea_juventus_timothyweah,Timothy,Weah,seriea,juventus,1247
seriea_juventus_westonmckennie,Weston,McKennie,seriea,juventus,2599
seriea_lazio_adammarusic,Adam,Marusic,seriea,lazio,3106
seriea_lazio_alessioromagnoli,Alessio,Romagnoli,seriea,lazio,2409
seriea_lazio_ciroimmobile,Ciro,Immobile,seriea,lazio,1656
seriea_lazio_daichikamada,Daichi,Kamada,seriea,lazio,1543
seriea_lazio_danilocataldi,Danilo,Cataldi,seriea,lazio,1360
seriea_lazio_elseidhysaj,Elseid,Hysaj,seriea,lazio,1194
seriea_lazio_felipeanderson,Felipe,Anderson,seriea,lazio,2782
seriea_lazio_gustavisaksen,Gustav,Isaksen,seriea,lazio,1069
seriea_lazio_luisalberto,Luis,Alberto,seriea,lazio,2323
seriea_lazio_manuellazzari,Manuel,Lazzari,seriea,lazio,1675
seriea_lazio_mariogila,Mario,Gila,seriea,lazio,1813
seriea_lazio_matiasvecino,Matias,Vecino,seriea,lazio,1135
seriea_lazio_matteoguendouzi,Matteo,Guendouzi,seriea,lazio,2370
seriea_lazio_mattiazaccagni,Mattia,Zaccagni,seriea,lazio,1971
seriea_lazio_nicolocasale,Nicolo,Casale,seriea,lazio,1557
seriea_lazio_nicolorovella,Nicolo,Rovella,seriea,lazio,1322
seriea_lazio_patric,,Patric,seriea,lazio,1610
seriea_lazio_valentincastellanos,Valentin,Castellanos,seriea,lazio,1676
seriea_lecce_alexisblin,Alexis,Blin,seriea,lecce,1632
seriea_lecce_antoninogallo,Antonino,Gallo,seriea,lecce,2501
seriea_lecce_federicobaschirotto,Federico,Baschirotto,seriea,lecce,3295
seriea_lecce_gabrielstrefezza,Gabriel,Strefezza,seriea,lecce,1119
seriea_lecce_hamzarafia,Hamza,Rafia,seriea,lecce,1211
seriea_lecce_joangonzalez,Joan,Gonzalez,seriea,lecce,1283
seriea_lecce_lameckbanda,Lameck,Banda,seriea,lecce,1357
seriea_lecce_marinpongracic,Marin,Pongracic,seriea,lecce,3220
seriea_lecce_mohamedkaba,Mohamed,Kaba,seriea,lecce,1382
seriea_lecce_nikolakrstovic,Nikola,Krstovic,seriea,lecce,2390
seriea_lecce_patrickdorgu,Patrick,Dorgu,seriea,lecce,1563
seriea_lecce_pontusalmqvist,Pontus,Almqvist,seriea,lecce,2115
seriea_lecce_remioudin,Remi,Oudin,seriea,lecce,1826
seriea_lecce_robertopiccoli,Roberto,Piccoli,seriea,lecce,1395
seriea_lecce_valentingendrey,Valentin,Gendrey,seriea,lecce,3051
seriea_lecce_ylberramadani,Ylber,Ramadani,seriea,lecce,2976
seriea_milan_alessandroflorenzi,Alessandro,Florenzi,seriea,milan,1730
seriea_milan_christianpulisic,Christian,Pulisic,seriea,milan,2620
seriea_milan_davidecalabria,Davide,Calabria,seriea,milan,2191
seriea_milan_fikayotomori,Fikayo,Tomori,seriea,milan,2125
seriea_milan_filippoterracciano,Filippo,Terracciano,seriea,milan,1368
seriea_milan_ismaelbennacer,Ismael,Bennacer,seriea,milan,1151
seriea_milan_malickthiaw,Malick,Thiaw,seriea,milan,1620
seriea_milan_matteogabbia,Matteo,Gabbia,seriea,milan,1276
seriea_milan_oliviergiroud,Olivier,Giroud,seriea,milan,2372
seriea_milan_rafaelleao,Rafael,Leao,seriea,milan,2523
seriea_milan_rubenloftuscheek,Ruben,Loftus-Cheek,seriea,milan,2081
seriea_milan_samuelchukwueze,Samuel,Chukwueze,seriea,milan,1012
seriea_milan_simonkjr,Simon,Kjr,seriea,milan,1171
seriea_milan_theohernandez,Theo,Hernandez,seriea,milan,2794
seriea_milan_tijjanireijnders,Tijjani,Reijnders,seriea,milan,2830
seriea_milan_yacineadli,Yacine,Adli,seriea,milan,1412
seriea_milan_yunusmusah,Yunus,Musah,seriea,milan,1468
seriea_monza_andreacarboni,Andrea,Carboni,seriea,monza,1490
seriea_monza_andreacolpani,Andrea,Colpani,seriea,monza,2683
seriea_monza_armandoizzo,Armando,Izzo,seriea,monza,1653
seriea_monza_danilodambrosio,Danilo,D'Ambrosio,seriea,monza,1534
seriea_monza_danymota,Dany,Mota,seriea,monza,2059
seriea_monza_lorenzocolombo,Lorenzo,Colombo,seriea,monza,1366
seriea_monza_lucacaldirola,Luca,Caldirola,seriea,monza,2139
seriea_monza_matteopessina,Matteo,Pessina,seriea,monza,3228
seriea_monza_pablomari,Pablo,Mari,seriea,monza,2616
seriea_monza_patrickciurria,Patrick,Ciurria,seriea,monza,1602
seriea_monza_robertogagliardini,Roberto,Gagliardini,seriea,monza,2366
seriea_monza_samuelebirindelli,Samuele,Birindelli,seriea,monza,2013
seriea_monza_valentincarboni,Valentin,Carboni,seriea,monza,1158
seriea_monza_warrenbondo,Warren,Bondo,seriea,monza,1471
seriea_napoli_amirrrahmani,Amir,Rrahmani,seriea,napoli,2602
seriea_napoli_cyrilngonge,Cyril,Ngonge,seriea,napoli,1743
seriea_napoli_frankanguissa,Frank,Anguissa,seriea,napoli,2792
seriea_napoli_giacomoraspadori,Giacomo,Raspadori,seriea,napoli,1572
seriea_napoli_giovannidilorenzo,Giovanni,Di Lorenzo,seriea,napoli,3235
seriea_napoli_jenslyscajuste,Jens-Lys,Cajuste,seriea,napoli,1007
seriea_napoli_juanjesus,Juan,Jesus,seriea,napoli,2117
seriea_napoli_khvichakvaratskhelia,Khvicha,Kvaratskhelia,seriea,napoli,2750
seriea_napoli_leoostigard,Leo,Ostigard,seriea,napoli,1621
seriea_napoli_mariorui,Mario,Rui,seriea,napoli,1205
seriea_napoli_mathiasolivera,Mathias,Olivera,seriea,napoli,1572
seriea_napoli_matteopolitano,Matteo,Politano,seriea,napoli,2384
seriea_napoli_pasqualemazzocchi,Pasquale,Mazzocchi,seriea,napoli,1704
seriea_napoli_piotrzielinski,Piotr,Zielinski,seriea,napoli,1938
seriea_napoli_stanislavlobotka,Stanislav,Lobotka,seriea,napoli,3293
seriea_napoli_victorosimhen,Victor,Osimhen,seriea,napoli,1990
seriea_roma_angelino,,Angelino,seriea,roma,1148
seriea_roma_bryancristante,Bryan,Cristante,seriea,roma,3292
seriea_roma_diegollorente,Diego,Llorente,seriea,roma,2173
seriea_roma_edoardobove,Edoardo,Bove,seriea,roma,1777
seriea_roma_evanndicka,Evan,Ndicka,seriea,roma,2170
seriea_roma_gianlucamancini,Gianluca,Mancini,seriea,roma,2872
seriea_roma_leandroparedes,Leandro,Paredes,seriea,roma,2644
seriea_roma_leonardospinazzola,Leonardo,Spinazzola,seriea,roma,1312
seriea_roma_lorenzopellegrini,Lorenzo,Pellegrini,seriea,roma,1866
seriea_roma_paulodybala,Paulo,Dybala,seriea,roma,1973
seriea_roma_rasmuskristensen,Rasmus,Kristensen,seriea,roma,1743
seriea_roma_rickkarsdorp,Rick,Karsdorp,seriea,roma,1214
seriea_roma_romelulukaku,Romelu,Lukaku,seriea,roma,2644
seriea_roma_stephanelshaarawy,Stephan,El Shaarawy,seriea,roma,1741
seriea_roma_tommasobaldanzi,Tommaso,Baldanzi,seriea,roma,1259
seriea_salernitana_antoniocandreva,Antonio,Candreva,seriea,salernitana,2757
seriea_salernitana_boulayedia,Boulaye,Dia,seriea,salernitana,1143
seriea_salernitana_chukwubuikemikwuemesi,Chukwubuikem,Ikwuemesi,seriea,salernitana,1058
seriea_salernitana_domagojbradaric,Domagoj,Bradaric,seriea,salernitana,2753
seriea_salernitana_federicofazio,Federico,Fazio,seriea,salernitana,1354
seriea_salernitana_giuliomaggiore,Giulio,Maggiore,seriea,salernitana,1807
seriea_salernitana_grigoriskastanos,Grigoris,Kastanos,seriea,salernitana,1486
seriea_salernitana_juniorsambia,Junior,Sambia,seriea,salernitana,1031
seriea_salernitana_lassanacoulibaly,Lassana,Coulibaly,seriea,salernitana,2086
seriea_salernitana_lorenzopirola,Lorenzo,Pirola,seriea,salernitana,1991
seriea_salernitana_loumtchaouna,Loum,Tchaouna,seriea,salernitana,2099
seriea_salernitana_mateuszlegowski,Mateusz,Legowski,seriea,salernitana,1132
seriea_salernitana_norbertgyomber,Norbert,Gyomber,seriea,salernitana,1762
seriea_salernitana_tomabasic,Toma,Basic,seriea,salernitana,1166
seriea_sassuolo_andreapinamonti,Andrea,Pinamonti,seriea,sassuolo,3100
seriea_sassuolo_armandlauriente,Armand,Lauriente,seriea,sassuolo,2926
seriea_sassuolo_danielboloca,Daniel,Boloca,seriea,sassuolo,2023
seriea_sassuolo_domenicoberardi,Domenico,Berardi,seriea,sassuolo,1438
seriea_sassuolo_gianmarcoferrari,Gian Marco,Ferrari,seriea,sassuolo,2268
seriea_sassuolo_jeremytoljan,Jeremy,Toljan,seriea,sassuolo,2085
seriea_sassuolo_joshdoig,Josh,Doig,seriea,sassuolo,2183
seriea_sassuolo_kristianthorstvedt,Kristian,Thorstvedt,seriea,sassuolo,2413
seriea_sassuolo_marcuspedersen,Marcus,Pedersen,seriea,sassuolo,1605
seriea_sassuolo_martinerlic,Martin,Erlic,seriea,sassuolo,2624
seriea_sassuolo_matheushenrique,Matheus,Henrique,seriea,sassuolo,2501
seriea_sassuolo_matiasvina,Matias,Vina,seriea,sassuolo,1019
seriea_sassuolo_nedimbajrami,Nedim,Bajrami,seriea,sassuolo,1312
seriea_sassuolo_ruan,,Ruan,seriea,sassuolo,1515
seriea_torino_adammasina,Adam,Masina,seriea,torino,1083
seriea_torino_adrientameze,Adrien,Tameze,seriea,torino,2154
seriea_torino_alessandrobuongiorno,Alessandro,Buongiorno,seriea,torino,2530
seriea_torino_antoniosanabria,Antonio,Sanabria,seriea,torino,2133
seriea_torino_duvanzapata,Duvan,Zapata,seriea,torino,3005
seriea_torino_ivanilic,Ivan,Ilic,seriea,torino,2099
seriea_torino_karollinetty,Karol,Linetty,seriea,torino,1860
seriea_torino_matteolovato,Matteo,Lovato,seriea,torino,1490
seriea_torino_mergimvojvoda,Mergim,Vojvoda,seriea,torino,1372
seriea_torino_nikolavlasic,Nikola,Vlasic,seriea,torino,2614
seriea_torino_raoulbellanova,Raoul,Bellanova,seriea,torino,3063
seriea_torino_ricardorodriguez,Ricardo,Rodriguez,seriea,torino,2783
seriea_torino_samuelericci,Samuele,Ricci,seriea,torino,2400
seriea_torino_valentinolazaro,Valentino,Lazaro,seriea,torino,1989
seriea_udinese_festyebosele,Festy,Ebosele,seriea,udinese,1705
seriea_udinese_florianthauvin,Florian,Thauvin,seriea,udinese,1713
seriea_udinese_hassanekamara,Hassane,Kamara,seriea,udinese,2238
seriea_udinese_jakabijol,Jaka,Bijol,seriea,udinese,2083
seriea_udinese_joaoferreira,Joao,Ferreira,seriea,udinese,1812
seriea_udinese_jordanzemura,Jordan,Zemura,seriea,udinese,1033
seriea_udinese_lazarsamardzic,Lazar,Samardzic,seriea,udinese,2380
seriea_udinese_lorenzolucca,Lorenzo,Lucca,seriea,udinese,2600
seriea_udinese_martinpayero,Martin,Payero,seriea,udinese,1801
seriea_udinese_nehuenperez,Nehuen,Perez,seriea,udinese,3238
seriea_udinese_robertopereyra,Roberto,Pereyra,seriea,udinese,1862
seriea_udinese_sandilovric,Sandi,Lovric,seriea,udinese,1988
seriea_udinese_thomaskristensen,Thomas,Kristensen,seriea,udinese,2097
seriea_udinese_walace,,Walace,seriea,udinese,3243
superlig_adanademirspor_andreawgravillon,Andreaw,Gravillon,superlig,adanademirspor,2758
superlig_adanademirspor_benjaminstambouli,Benjamin,Stambouli,superlig,adanademirspor,1382
superlig_adanademirspor_edouardmichut,Edouard,Michut,superlig,adanademirspor,1730
superlig_adanademirspor_emreakbaba,Emre,Akbaba,superlig,adanademirspor,2682
superlig_adanademirspor_ismailcokcalis,Ismail,Cokcalis,superlig,adanademirspor,1076
superlig_adanademirspor_maestro,,Maestro,superlig,adanademirspor,1123
superlig_adanademirspor_miladmohammadi,Milad,Mohammadi,superlig,adanademirspor,1073
superlig_adanademirspor_semihguler,Semih,Guler,superlig,adanademirspor,2800
superlig_adanademirspor_stevenmendoza,Steven,Mendoza,superlig,adanademirspor,1082
superlig_adanademirspor_younesbelhanda,Younes,Belhanda,superlig,adanademirspor,1078
superlig_adanademirspor_yusuferdogan,Yusuf,Erdogan,superlig,adanademirspor,2594
superlig_adanademirspor_yusufsari,Yusuf,Sari,superlig,adanademirspor,1790
superlig_alanyaspor_carloseduardo,Carlos,Eduardo,superlig,alanyaspor,1519
superlig_alanyaspor_efecankaraca,Efecan,Karaca,superlig,alanyaspor,2745
superlig_alanyaspor_fidanaliti,Fidan,Aliti,superlig,alanyaspor,3047
superlig_alanyaspor_florenthadergjonaj,Florent,Hadergjonaj,superlig,alanyaspor,2318
superlig_alanyaspor_furkanbayir,Furkan,Bayir,superlig,alanyaspor,2011
superlig_alanyaspor_joaonovais,Joao,Novais,superlig,alanyaspor,2053
superlig_alanyaspor_jurebalkovec,Jure,Balkovec,superlig,alanyaspor,2123
superlig_alanyaspor_leroyfer,Leroy,Fer,superlig,alanyaspor,1792
superlig_alanyaspor_loideaugusto,Loide,Augusto,superlig,alanyaspor,1789
superlig_alanyaspor_nicolasjanvier,Nicolas,Janvier,superlig,alanyaspor,1602
superlig_alanyaspor_nunolima,Nuno,Lima,superlig,alanyaspor,1161
superlig_alanyaspor_oguzaydin,Oguz,Aydin,superlig,alanyaspor,2587
superlig_alanyaspor_richard,,Richard,superlig,alanyaspor,2913
superlig_alanyaspor_sergiocordova,Sergio,Cordova,superlig,alanyaspor,1013
superlig_alanyaspor_yusufozdemir,Yusuf,Ozdemir,superlig,alanyaspor,2473
superlig_ankaragucu_alikaanguneren,Ali Kaan,Guneren,superlig,ankaragucu,1916
superlig_ankaragucu_alisowe,Ali,Sowe,superlig,ankaragucu,2136
superlig_ankaragucu_atakancankaya,Atakan,Cankaya,superlig,ankaragucu,1411
superlig_ankaragucu_efkanbekiroglu,Efkan,Bekiroglu,superlig,ankaragucu,2139
superlig_ankaragucu_kazimcankaratas,Kazimcan,Karatas,superlig,ankaragucu,1014
superlig_ankaragucu_matejhanousek,Matej,Hanousek,superlig,ankaragucu,1472
superlig_ankaragucu_nihadmujakic,Nihad,Mujakic,superlig,ankaragucu,3202
superlig_ankaragucu_olimpiumorutan,Olimpiu,Morutan,superlig,ankaragucu,2128
superlig_ankaragucu_pedrinho,,Pedrinho,superlig,ankaragucu,2187
superlig_ankaragucu_renaldocephas,Renaldo,Cephas,superlig,ankaragucu,1619
superlig_ankaragucu_stelioskitsiou,Stelios,Kitsiou,superlig,ankaragucu,2135
superlig_ankaragucu_tasoschatzigiovanis,Tasos,Chatzigiovanis,superlig,ankaragucu,1370
superlig_ankaragucu_tolgacigerci,Tolga,Cigerci,superlig,ankaragucu,2050
superlig_ankaragucu_urosradakovic,Uros,Radakovic,superlig,ankaragucu,3070
superlig_antalyaspor_adambuksa,Adam,Buksa,superlig,antalyaspor,2925
superlig_antalyaspor_bahadirozturk,Bahadir,Ozturk,superlig,antalyaspor,1486
superlig_antalyaspor_bunyaminbalci,Bunyamin,Balci,superlig,antalyaspor,1865
superlig_antalyaspor_dariosaric,Dario,Saric,superlig,antalyaspor,2563
superlig_antalyaspor_erdalrakip,Erdal,Rakip,superlig,antalyaspor,1307
superlig_antalyaspor_erdoganyesilyurt,Erdogan,Yesilyurt,superlig,antalyaspor,2485
superlig_antalyaspor_gurayvural,Guray,Vural,superlig,antalyaspor,2568
superlig_antalyaspor_jakubkaluzinski,Jakub,Kaluzinski,superlig,antalyaspor,2327
superlig_antalyaspor_omertoprak,Omer,Toprak,superlig,antalyaspor,1803
superlig_antalyaspor_ramzisafouri,Ramzi,Safouri,superlig,antalyaspor,1803
superlig_antalyaspor_samlarsson,Sam,Larsson,superlig,antalyaspor,2568
superlig_antalyaspor_sandervandestreek,Sander,van de Streek,superlig,antalyaspor,1853
superlig_antalyaspor_veyselsari,Veysel,Sari,superlig,antalyaspor,3013
superlig_antalyaspor_zymerbytyqi,Zymer,Bytyqi,superlig,antalyaspor,1364
superlig_basaksehir_berkayozcan,Berkay,Ozcan,superlig,basaksehir,2820
superlig_basaksehir_danijelaleksic,Danijel,Aleksic,superlig,basaksehir,1163
superlig_basaksehir_denizturuc,Deniz,Turuc,superlig,basaksehir,2678
superlig_basaksehir_dimitriospelkas,Dimitrios,Pelkas,superlig,basaksehir,1245
superlig_basaksehir_emirhanilkhan,Emirhan,Ilkhan,superlig,basaksehir,1040
superlig_basaksehir_jeromeopoku,Jerome,Opoku,superlig,basaksehir,2480
superlig_basaksehir_joaofigueiredo,Joao,Figueiredo,superlig,basaksehir,2029
superlig_basaksehir_krzysztofpiatek,Krzysztof,Piatek,superlig,basaksehir,2703
superlig_basaksehir_leoduarte,Leo,Duarte,superlig,basaksehir,2700
superlig_basaksehir_leodubois,Leo,Dubois,superlig,basaksehir,2306
superlig_basaksehir_lucaslima,Lucas,Lima,superlig,basaksehir,1888
superlig_basaksehir_olivierkemen,Olivier,Kemen,superlig,basaksehir,1735
superlig_basaksehir_omeralisahiner,Omer Ali,Sahiner,superlig,basaksehir,1196
superlig_basaksehir_ousseynouba,Ousseynou,Ba,superlig,basaksehir,1765
superlig_basaksehir_serdargurler,Serdar,Gurler,superlig,basaksehir,1011
superlig_besiktas_amirhadziahmetovic,Amir,Hadziahmetovic,superlig,besiktas,1341
superlig_besiktas_arthurmasuaku,Arthur,Masuaku,superlig,besiktas,1451
superlig_besiktas_baktiyorzaynutdinov,Baktiyor,Zaynutdinov,superlig,besiktas,1627
superlig_besiktas_cenktosun,Cenk,Tosun,superlig,besiktas,1953
superlig_besiktas_danielamartey,Daniel,Amartey,superlig,besiktas,1055
superlig_besiktas_ernestmuci,Ernest,Muci,superlig,besiktas,1040
superlig_besiktas_gedsonfernandes,Gedson,Fernandes,superlig,besiktas,2457
superlig_besiktas_jacksonmuleka,Jackson,Muleka,superlig,besiktas,1626
superlig_besiktas_jonassvensson,Jonas,Svensson,superlig,besiktas,2065
superlig_besiktas_milotrashica,Milot,Rashica,superlig,besiktas,2037
superlig_besiktas_necipuysal,Necip,Uysal,superlig,besiktas,2347
superlig_besiktas_omarcolley,Omar,Colley,superlig,besiktas,1934
superlig_besiktas_onurbulut,Onur,Bulut,superlig,besiktas,2039
superlig_besiktas_rachidghezzal,Rachid,Ghezzal,superlig,besiktas,1166
superlig_besiktas_salihucan,Salih,Ucan,superlig,besiktas,1574
superlig_besiktas_semihkilicsoy,Semih,Kilicsoy,superlig,besiktas,1685
superlig_besiktas_vincentaboubakar,Vincent,Aboubakar,superlig,besiktas,1072
superlig_caykurrizespor_adolfogaich,Adolfo,Gaich,superlig,caykurrizespor,1687
superlig_caykurrizespor_altinzeqiri,Altin,Zeqiri,superlig,caykurrizespor,2286
superlig_caykurrizespor_attilamocsi,Attila,Mocsi,superlig,caykurrizespor,2034
superlig_caykurrizespor_benhurkeser,Benhur,Keser,superlig,caykurrizespor,1541
superlig_caykurrizespor_dalvaresanovic,Dal,Varesanovic,superlig,caykurrizespor,2100
superlig_caykurrizespor_emirhantopcu,Emirhan,Topcu,superlig,caykurrizespor,2791
superlig_caykurrizespor_gustavosauer,Gustavo,Sauer,superlig,caykurrizespor,1539
superlig_caykurrizespor_husniddinaliqulov,Husniddin,Aliqulov,superlig,caykurrizespor,1305
superlig_caykurrizespor_ibrahimolawoyin,Ibrahim,Olawoyin,superlig,caykurrizespor,3015
superlig_caykurrizespor_jonjoshelvey,Jonjo,Shelvey,superlig,caykurrizespor,2649
superlig_caykurrizespor_martinminchev,Martin,Minchev,superlig,caykurrizespor,1747
superlig_caykurrizespor_mithatpala,Mithat,Pala,superlig,caykurrizespor,1613
superlig_caykurrizespor_muammersarikaya,Muammer,Sarikaya,superlig,caykurrizespor,2352
superlig_caykurrizespor_tahasahin,Taha,Sahin,superlig,caykurrizespor,2944
superlig_fatihkaragumruk_cankeles,Can,Keles,superlig,fatihkaragumruk,2272
superlig_fatihkaragumruk_davidebiraschi,Davide,Biraschi,superlig,fatihkaragumruk,2575
superlig_fatihkaragumruk_dimitriskourbelis,Dimitris,Kourbelis,superlig,fatihkaragumruk,1174
superlig_fatihkaragumruk_federicoceccherini,Federico,Ceccherini,superlig,fatihkaragumruk,2055
superlig_fatihkaragumruk_fredericveseli,Frederic,Veseli,superlig,fatihkaragumruk,1608
superlig_fatihkaragumruk_guvenyalcin,Guven,Yalcin,superlig,fatihkaragumruk,2136
superlig_fatihkaragumruk_ibrahimdresevic,Ibrahim,Dresevic,superlig,fatihkaragumruk,1365
superlig_fatihkaragumruk_kevinlasagna,Kevin,Lasagna,superlig,fatihkaragumruk,1179
superlig_fatihkaragumruk_leventmercan,Levent,Mercan,superlig,fatihkaragumruk,3113
superlig_fatihkaragumruk_marcusrohden,Marcus,Rohden,superlig,fatihkaragumruk,2426
superlig_fatihkaragumruk_nazimsangare,Nazim,Sangare,superlig,fatihkaragumruk,1282
superlig_fatihkaragumruk_ryanmendes,Ryan,Mendes,superlig,fatihkaragumruk,1508
superlig_fatihkaragumruk_salihdursun,Salih,Dursun,superlig,fatihkaragumruk,1268
superlig_fatihkaragumruk_sofianefeghouli,Sofiane,Feghouli,superlig,fatihkaragumruk,1465
superlig_fatihkaragumruk_valentineysseric,Valentin,Eysseric,superlig,fatihkaragumruk,2419
superlig_fenerbahce_alexanderdjiku,Alexander,Djiku,superlig,fenerbahce,2024
superlig_fenerbahce_brightosayisamuel,Bright,Osayi-Samuel,superlig,fenerbahce,1743
superlig_fenerbahce_cengizunder,Cengiz,Under,superlig,fenerbahce,1029
superlig_fenerbahce_dusantadic,Dusan,Tadic,superlig,fenerbahce,3157
superlig_fenerbahce_edindzeko,Edin,Dzeko,superlig,fenerbahce,2733
superlig_fenerbahce_ferdikadioglu,Ferdi,Kadioglu,superlig,fenerbahce,3327
superlig_fenerbahce_fred,,Fred,superlig,fenerbahce,2050
superlig_fenerbahce_irfancankahveci,Irfan Can,Kahveci,superlig,fenerbahce,2019
superlig_fenerbahce_ismailyuksek,Ismail,Yuksek,superlig,fenerbahce,2311
superlig_fenerbahce_jaydenoosterwolde,Jayden,Oosterwolde,superlig,fenerbahce,1913
superlig_fenerbahce_mertmuldur,Mert,Muldur,superlig,fenerbahce,1111
superlig_fenerbahce_rodrigobecao,Rodrigo,Becao,superlig,fenerbahce,1123
superlig_fenerbahce_sebastianszymanski,Sebastian,Szymanski,superlig,fenerbahce,2898
superlig_fenerbahce_serdardursun,Serdar,Dursun,superlig,fenerbahce,1022
superlig_galatasaray_abdulkerimbardakci,Abdulkerim,Bardakci,superlig,galatasaray,2213
superlig_galatasaray_barisalperyilmaz,Baris Alper,Yilmaz,superlig,galatasaray,2543
superlig_galatasaray_davinsonsanchez,Davinson,Sanchez,superlig,galatasaray,1588
superlig_galatasaray_derrickkohn,Derrick,Kohn,superlig,galatasaray,1153
superlig_galatasaray_driesmertens,Dries,Mertens,superlig,galatasaray,2487
superlig_galatasaray_hakimziyech,Hakim,Ziyech,superlig,galatasaray,1077
superlig_galatasaray_kaanayhan,Kaan,Ayhan,superlig,galatasaray,2088
superlig_galatasaray_keremakturkoglu,Kerem,Akturkoglu,superlig,galatasaray,2478
superlig_galatasaray_keremdemirbay,Kerem,Demirbay,superlig,galatasaray,2218
superlig_galatasaray_lucastorreira,Lucas,Torreira,superlig,galatasaray,2993
superlig_galatasaray_mauroicardi,Mauro,Icardi,superlig,galatasaray,2856
superlig_galatasaray_sachaboey,Sacha,Boey,superlig,galatasaray,1710
superlig_galatasaray_tete,,Tete,superlig,galatasaray,1085
superlig_galatasaray_victornelsson,Victor,Nelsson,superlig,galatasaray,2563
superlig_galatasaray_wilfriedzaha,Wilfried,Zaha,superlig,galatasaray,1433
superlig_gaziantep_alexandrumaxim,Alexandru,Maxim,superlig,gaziantep,2674
superlig_gaziantep_ardakizildag,Arda,Kizildag,superlig,gaziantep,2315
superlig_gaziantep_deiansorescu,Deian,Sorescu,superlig,gaziantep,1070
superlig_gaziantep_denisdragus,Denis,Dragus,superlig,gaziantep,2751
superlig_gaziantep_ertugrulersoy,Ertugrul,Ersoy,superlig,gaziantep,1470
superlig_gaziantep_furkansoyalp,Furkan,Soyalp,superlig,gaziantep,1589
superlig_gaziantep_juniormorais,Junior,Morais,superlig,gaziantep,1318
superlig_gaziantep_lazarmarkovic,Lazar,Markovic,superlig,gaziantep,1546
superlig_gaziantep_markojevtovic,Marko,Jevtovic,superlig,gaziantep,1718
superlig_gaziantep_mustafaeskihellac,Mustafa,Eskihellac,superlig,gaziantep,3067
superlig_gaziantep_nicolasnkoulou,Nicolas,N'Koulou,superlig,gaziantep,2841
superlig_gaziantep_ogunozcicek,Ogun,Ozcicek,superlig,gaziantep,1998
superlig_gaziantep_papydjilobodji,Papy,Djilobodji,superlig,gaziantep,3006
superlig_gaziantep_salemmbakata,Salem,M'Bakata,superlig,gaziantep,1899
superlig_hatayspor_burakbekaroglu,Burak,Bekaroglu,superlig,hatayspor,1117
superlig_hatayspor_carlosstrandberg,Carlos,Strandberg,superlig,hatayspor,2250
superlig_hatayspor_cemalisertel,Cemali,Sertel,superlig,hatayspor,1321
superlig_hatayspor_chandrelmassanga,Chandrel,Massanga,superlig,hatayspor,2286
superlig_hatayspor_faouzighoulam,Faouzi,Ghoulam,superlig,hatayspor,1427
superlig_hatayspor_fisayodelebashiru,Fisayo,Dele-Bashiru,superlig,hatayspor,3039
superlig_hatayspor_giorgiaburjania,Giorgi,Aburjania,superlig,hatayspor,1253
superlig_hatayspor_gorkemsaglam,Gorkem,Saglam,superlig,hatayspor,1520
superlig_hatayspor_guymarcelinkilama,Guy-Marcelin,Kilama,superlig,hatayspor,3136
superlig_hatayspor_joelsonfernandes,Joelson,Fernandes,superlig,hatayspor,1396
superlig_hatayspor_kamilahmetcorekci,Kamil Ahmet,Corekci,superlig,hatayspor,1734
superlig_hatayspor_kerimalici,Kerim,Alici,superlig,hatayspor,1427
superlig_hatayspor_nikolamaksimovic,Nikola,Maksimovic,superlig,hatayspor,1357
superlig_hatayspor_omerfarukbeyaz,Omer Faruk,Beyaz,superlig,hatayspor,1384
superlig_hatayspor_renatdadasov,Renat,Dadasov,superlig,hatayspor,1380
superlig_hatayspor_rigobertorivas,Rigoberto,Rivas,superlig,hatayspor,2431
superlig_istanbulspor_aliyasar,Ali,Yasar,superlig,istanbulspor,2538
superlig_istanbulspor_davidsambissa,David,Sambissa,superlig,istanbulspor,1563
superlig_istanbulspor_demeacoduhaney,Demeaco,Duhaney,superlig,istanbulspor,2203
superlig_istanbulspor_emirkaangultekin,Emir Kaan,Gultekin,superlig,istanbulspor,1703
superlig_istanbulspor_florianloshaj,Florian,Loshaj,superlig,istanbulspor,2793
superlig_istanbulspor_jackson,,Jackson,superlig,istanbulspor,2265
superlig_istanbulspor_mehmetyesil,Mehmet,Yesil,superlig,istanbulspor,2895
superlig_istanbulspor_mendymamadou,Mendy,Mamadou,superlig,istanbulspor,1757
superlig_istanbulspor_modestasvorobjovas,Modestas,Vorobjovas,superlig,istanbulspor,2128
superlig_istanbulspor_okanerdogan,Okan,Erdogan,superlig,istanbulspor,2548
superlig_istanbulspor_racinecoly,Racine,Coly,superlig,istanbulspor,1142
superlig_istanbulspor_simondeli,Simon,Deli,superlig,istanbulspor,2246
superlig_kasimpasa_aytackara,Aytac,Kara,superlig,kasimpasa,3248
superlig_kasimpasa_claudiowinck,Claudio,Winck,superlig,kasimpasa,2862
superlig_kasimpasa_gokhangul,Gokhan,Gul,superlig,kasimpasa,2928
superlig_kasimpasa_harishajradinovic,Haris,Hajradinovic,superlig,kasimpasa,3307
superlig_kasimpasa_irongomis,Iron,Gomis,superlig,kasimpasa,1112
superlig_kasimpasa_jacksonporozo,Jackson,Porozo,superlig,kasimpasa,1183
superlig_kasimpasa_julienngoy,Julien,Ngoy,superlig,kasimpasa,1287
superlig_kasimpasa_kennethomeruo,Kenneth,Omeruo,superlig,kasimpasa,2076
superlig_kasimpasa_mamadoufall,Mamadou,Fall,superlig,kasimpasa,2854
superlig_kasimpasa_mortadhabenouanes,Mortadha,Ben Ouanes,superlig,kasimpasa,2999
superlig_kasimpasa_nunodacosta,Nuno,da Costa,superlig,kasimpasa,2339
superlig_kasimpasa_sadikciftpinar,Sadik,Ciftpinar,superlig,kasimpasa,1299
superlig_kasimpasa_yasinozcan,Yasin,Ozcan,superlig,kasimpasa,2962
superlig_kayserispor_alikarimi,Ali,Karimi,superlig,kayserispor,2040
superlig_kayserispor_arifkocaman,Arif,Kocaman,superlig,kayserispor,1728
superlig_kayserispor_ayltonboamorte,Aylton,Boa Morte,superlig,kayserispor,2628
superlig_kayserispor_carlosmane,Carlos,Mane,superlig,kayserispor,1132
superlig_kayserispor_dimitriskolovetsios,Dimitris,Kolovetsios,superlig,kayserispor,1481
superlig_kayserispor_gokhansazdagi,Gokhan,Sazdagi,superlig,kayserispor,2905
superlig_kayserispor_hasanalikaldirim,Hasan Ali,Kaldirim,superlig,kayserispor,1179
superlig_kayserispor_josephattamah,Joseph,Attamah,superlig,kayserispor,2164
superlig_kayserispor_kartalkayrayilmaz,Kartal Kayra,Yilmaz,superlig,kayserispor,2409
superlig_kayserispor_lionelcarole,Lionel,Carole,superlig,kayserispor,2199
superlig_kayserispor_mehdibourabia,Mehdi,Bourabia,superlig,kayserispor,1158
superlig_kayserispor_miguelcardoso,Miguel,Cardoso,superlig,kayserispor,2524
superlig_kayserispor_otabekshukurov,Otabek,Shukurov,superlig,kayserispor,1043
superlig_kayserispor_ramazancivelek,Ramazan,Civelek,superlig,kayserispor,1728
superlig_konyaspor_adildemirbag,Adil,Demirbag,superlig,konyaspor,1965
superlig_konyaspor_ahmetoguz,Ahmet,Oguz,superlig,konyaspor,2108
superlig_konyaspor_alassanendao,Alassane,Ndao,superlig,konyaspor,2859
superlig_konyaspor_alexandrucicaldau,Alexandru,Cicaldau,superlig,konyaspor,2025
superlig_konyaspor_franciscocalvo,Francisco,Calvo,superlig,konyaspor,1449
superlig_konyaspor_guilhermehaubertsitya,Guilherme,Haubert Sitya,superlig,konyaspor,3267
superlig_konyaspor_loukaprip,Louka,Prip,superlig,konyaspor,1632
superlig_konyaspor_marlosmoreno,Marlos,Moreno,superlig,konyaspor,1914
superlig_konyaspor_ogulcanulgun,Ogulcan,Ulgun,superlig,konyaspor,1761
superlig_konyaspor_sokolcikalleshi,Sokol,Cikalleshi,superlig,konyaspor,2364
superlig_konyaspor_sonerdikmen,Soner,Dikmen,superlig,konyaspor,3217
superlig_konyaspor_stevennzonzi,Steven,N'Zonzi,superlig,konyaspor,2321
superlig_konyaspor_ugurcanyazgili,Ugurcan,Yazgili,superlig,konyaspor,2691
superlig_konyaspor_valonethemi,Valon,Ethemi,superlig,konyaspor,2007
superlig_pendikspor_abdoulaydiaby,Abdoulay,Diaby,superlig,pendikspor,1072
superlig_pendikspor_alpaslanozturk,Alpaslan,Ozturk,superlig,pendikspor,1860
superlig_pendikspor_arnaudlusamba,Arnaud,Lusamba,superlig,pendikspor,2023
superlig_pendikspor_badoundiaye,Badou,Ndiaye,superlig,pendikspor,1518
superlig_pendikspor_berkaysulungoz,Berkay,Sulungoz,superlig,pendikspor,1328
superlig_pendikspor_erdemozgenc,Erdem,Ozgenc,superlig,pendikspor,1501
superlig_pendikspor_erencanyardimci,Erencan,Yardimci,superlig,pendikspor,1397
superlig_pendikspor_fredrikmidtsjo,Fredrik,Midtsjo,superlig,pendikspor,1928
superlig_pendikspor_gokcankaya,Gokcan,Kaya,superlig,pendikspor,2111
superlig_pendikspor_halilakbunar,Halil,Akbunar,superlig,pendikspor,2808
superlig_pendikspor_joherkhadimrassoul,Joher Khadim,Rassoul,superlig,pendikspor,1022
superlig_pendikspor_josipvukovic,Josip,Vukovic,superlig,pendikspor,1076
superlig_pendikspor_mamethiam,Mame,Thiam,superlig,pendikspor,3161
superlig_pendikspor_nunosequeira,Nuno,Sequeira,superlig,pendikspor,3066
superlig_pendikspor_serkanasan,Serkan,Asan,superlig,pendikspor,1517
superlig_pendikspor_welinton,,Welinton,superlig,pendikspor,2015
superlig_samsunspor_alimozturk,Alim,Ozturk,superlig,samsunspor,1927
superlig_samsunspor_carloholse,Carlo,Holse,superlig,samsunspor,2787
superlig_samsunspor_emrekilinc,Emre,Kilinc,superlig,samsunspor,2574
superlig_samsunspor_flavientait,Flavien,Tait,superlig,samsunspor,1690
superlig_samsunspor_lubomirsatka,Lubomir,Satka,superlig,samsunspor,2208
superlig_samsunspor_marcbola,Marc,Bola,superlig,samsunspor,1063
superlig_samsunspor_mariusmouandilmadji,Marius,Mouandilmadji,superlig,samsunspor,2080
superlig_samsunspor_morykefofana,Moryke,Fofana,superlig,samsunspor,1060
superlig_samsunspor_olivierntcham,Olivier,Ntcham,superlig,samsunspor,1866
superlig_samsunspor_rickvandrongelen,Rick,van Drongelen,superlig,samsunspor,2395
superlig_samsunspor_sonergonul,Soner,Gonul,superlig,samsunspor,1930
superlig_samsunspor_taylanantalyali,Taylan,Antalyali,superlig,samsunspor,1775
superlig_samsunspor_youssefaitbennasser,Youssef,Ait Bennasser,superlig,samsunspor,1907
superlig_samsunspor_zekiyavru,Zeki,Yavru,superlig,samsunspor,2026
superlig_sivasspor_aaronappindangoye,Aaron,Appindangoye,superlig,sivasspor,2688
superlig_sivasspor_achilleaspoungouras,Achilleas,Poungouras,superlig,sivasspor,1190
superlig_sivasspor_alaaddinokumus,Alaaddin,Okumus,superlig,sivasspor,1165
superlig_sivasspor_burakkapacak,Burak,Kapacak,superlig,sivasspor,1082
superlig_sivasspor_canerosmanpasa,Caner,Osmanpasa,superlig,sivasspor,2354
superlig_sivasspor_charischarisis,Charis,Charisis,superlig,sivasspor,2510
superlig_sivasspor_clintonnjie,Clinton,N'Jie,superlig,sivasspor,1283
superlig_sivasspor_emrahbassan,Emrah,Bassan,superlig,sivasspor,1491
superlig_sivasspor_ibrahimakdag,Ibrahim,Akdag,superlig,sivasspor,1660
superlig_sivasspor_muratpaluli,Murat,Paluli,superlig,sivasspor,1536
superlig_sivasspor_reymanaj,Rey,Manaj,superlig,sivasspor,2504
superlig_sivasspor_sambacamara,Samba,Camara,superlig,sivasspor,1865
superlig_sivasspor_samusaiz,Samu,Saiz,superlig,sivasspor,1438
superlig_sivasspor_ugurciftci,Ugur,Ciftci,superlig,sivasspor,3208
superlig_sivasspor_yunuskonak,Yunus,Konak,superlig,sivasspor,1328
superlig_trabzonspor_abdulkadiromur,Abdulkadir,Omur,superlig,trabzonspor,1116
superlig_trabzonspor_batistamendy,Batista,Mendy,superlig,trabzonspor,2770
superlig_trabzonspor_beratozdemir,Berat,Ozdemir,superlig,trabzonspor,2392
superlig_trabzonspor_edinvisca,Edin,Visca,superlig,trabzonspor,2850
superlig_trabzonspor_enisbardhi,Enis,Bardhi,superlig,trabzonspor,2359
superlig_trabzonspor_enisdestan,Enis,Destan,superlig,trabzonspor,1366
superlig_trabzonspor_erenelmali,Eren,Elmali,superlig,trabzonspor,3110
superlig_trabzonspor_filipbenkovic,Filip,Benkovic,superlig,trabzonspor,1114
superlig_trabzonspor_mahmoudtrezeguet,Mahmoud,Trezeguet,superlig,trabzonspor,1608
superlig_trabzonspor_mehmetaydin,Mehmet,Aydin,superlig,trabzonspor,1287
superlig_trabzonspor_nicolaspepe,Nicolas,Pepe,superlig,trabzonspor,1121
superlig_trabzonspor_paulonuachu,Paul,Onuachu,superlig,trabzonspor,1526
superlig_trabzonspor_rayyanbaniya,Rayyan,Baniya,superlig,trabzonspor,1885
superlig_trabzonspor_stefanodenswil,Stefano,Denswil,superlig,trabzonspor,2261
superlig_trabzonspor_tasosbakasetas,Tasos,Bakasetas,superlig,trabzonspor,1409
superlig_trabzonspor_taxiarchisfountas,Taxiarchis,Fountas,superlig,trabzonspor,1132
superlig_trabzonspor_thomasmeunier,Thomas,Meunier,superlig,trabzonspor,1245
bundesliga_1fckoln_cenkozkacar,Cenk,Ozkacar,bundesliga,1fckoln,
bundesliga_1fckoln_isakbergmannjohannesson,,,bundesliga,1fckoln,
bundesliga_1fckoln_jakubkaminski,,,bundesliga,1fckoln,
bundesliga_1fckoln_joelschmied,,,bundesliga,1fckoln,
bundesliga_1fckoln_kristofferlund,,,bundesliga,1fckoln,
bundesliga_1fckoln_mariusbulter,Marius,Bulter,bundesliga,1fckoln,
bundesliga_1fckoln_ragnarache,,,bundesliga,1fckoln,
bundesliga_1fckoln_ravvandenberg,,,bundesliga,1fckoln,
bundesliga_1fckoln_saidelmala,,,bundesliga,1fckoln,
bundesliga_1fckoln_sebastiansebulonsen,,,bundesliga,1fckoln,
bundesliga_1fckoln_tomkrau,Tom,Krau,bundesliga,1fckoln,
bundesliga_augsburg_alexisclaudemaurice,,,bundesliga,augsburg,
bundesliga_augsburg_antonkade,,,bundesliga,augsburg,
bundesliga_augsburg_arthurchaves,,,bundesliga,augsburg,
bundesliga_augsburg_cedriczesiger,Cedric,Zesiger,bundesliga,augsburg,
bundesliga_augsburg_chrislainmatsima,Chrislain,Matsima,bundesliga,augsburg,
bundesliga_augsburg_dimitriosgiannoulis,,,bundesliga,augsburg,
bundesliga_augsburg_fabianrieder,,,bundesliga,augsburg,
bundesliga_augsburg_frankonyeka,Frank,Onyeka,bundesliga,augsburg,
bundesliga_augsburg_hannoahmassengo,,,bundesliga,augsburg,
bundesliga_augsburg_kevenschlotterbeck,Keven,Schlotterbeck,bundesliga,augsburg,
bundesliga_augsburg_mariuswolf,Marius,Wolf,bundesliga,augsburg,
bundesliga_augsburg_mertkomur,,,bundesliga,augsburg,
bundesliga_augsburg_nediljkolabrovic,,,bundesliga,augsburg,
bundesliga_augsburg_noahkaibanks,,,bundesliga,augsburg,
bundesliga_augsburg_robinfellhauer,,,bundesliga,augsburg,
bundesliga_augsburg_samuelessende,,,bundesliga,augsburg,
bundesliga_bayerleverkusen_aleixgarcia,Aleix,Garcia,bundesliga,bayerleverkusen,
bundesliga_bayerleverkusen_arthur,,Arthur,bundesliga,bayerleverkusen,
bundesliga_bayerleverkusen_christiankofane,,,bundesliga,bayerleverkusen,
bundesliga_bayerleverkusen_ernestpoku,,,bundesliga,bayerleverkusen,
bundesliga_bayerleverkusen_ibrahimmaza,,,bundesliga,bayerleverkusen,
bundesliga_bayerleverkusen_jarellquansah,Jarell,Quansah,bundesliga,bayerleverkusen,
bundesliga_bayerleverkusen_loicbade,Loic,Bade,bundesliga,bayerleverkusen,
bundesliga_bayerleverkusen_maliktillman,,,bundesliga,bayerleverkusen,
bundesliga_bayerleverkusen_nathantella,,,bundesliga,bayerleverkusen,
bundesliga_bayernmunchen_jonathantah,Jonathan,Tah,bundesliga,bayernmunchen,
bundesliga_bayernmunchen_josipstanisic,Josip,Stanisic,bundesliga,bayernmunchen,
bundesliga_bayernmunchen_kimminjae,,,bundesliga,bayernmunchen,
bundesliga_bayernmunchen_lennartkarl,,,bundesliga,bayernmunchen,
bundesliga_bayernmunchen_luisdiaz,Luis,Diaz,bundesliga,bayernmunchen,
bundesliga_bayernmunchen_michaelolise,Michael,Olise,bundesliga,bayernmunchen,
bundesliga_bayernmunchen_nicolasjackson,Nicolas,Jackson,bundesliga,bayernmunchen,
bundesliga_bayernmunchen_sergegnabry,,,bundesliga,bayernmunchen,
bundesliga_bayernmunchen_tombischof,,,bundesliga,bayernmunchen,
bundesliga_bochum_danidewit,,,bundesliga,bochum,
bundesliga_bochum_felixpasslack,,,bundesliga,bochum,
bundesliga_bochum_gerritholtmann,,,bundesliga,bochum,
bundesliga_bochum_giorgosmasouras,,,bundesliga,bochum,
bundesliga_bochum_ibrahimasissoko,Ibrahima,Sissoko,bundesliga,bochum,
bundesliga_bochum_jakovmedic,,,bundesliga,bochum,
bundesliga_bochum_myronboadu,,,bundesliga,bochum,
bundesliga_bochum_patrickdrewes,,,bundesliga,bochum,
bundesliga_bochum_timoermann,,,bundesliga,bochum,
bundesliga_bochum_tomkrau,Tom,Krau,bundesliga,bochum,
bundesliga_borussiadortmund_danielsvensson,,,bundesliga,borussiadortmund,
bundesliga_borussiadortmund_jobebellingham,,,bundesliga,borussiadortmund,
bundesliga_borussiadortmund_karimadeyemi,,,bundesliga,borussiadortmund,
bundesliga_borussiadortmund_maximilianbeier,Maximilian,Beier,bundesliga,borussiadortmund,
bundesliga_borussiadortmund_pascalgro,Pascal,Gro,bundesliga,borussiadortmund,
bundesliga_borussiadortmund_serhouguirassy,Serhou,Guirassy,bundesliga,borussiadortmund,
bundesliga_borussiadortmund_waldemaranton,Waldemar,Anton,bundesliga,borussiadortmund,
bundesliga_borussiamonchengladbach_haristabakovic,,,bundesliga,borussiamonchengladbach,
bundesliga_borussiamonchengladbach_jenscastrop,,,bundesliga,borussiamonchengladbach,
bundesliga_borussiamonchengladbach_kevindiks,,,bundesliga,borussiamonchengladbach,
bundesliga_borussiamonchengladbach_kevinstoger,Kevin,Stoger,bundesliga,borussiamonchengladbach,
bundesliga_borussiamonchengladbach_lukasullrich,,,bundesliga,borussiamonchengladbach,
bundesliga_borussiamonchengladbach_philippsander,,,bundesliga,borussiamonchengladbach,
bundesliga_borussiamonchengladbach_shutomachino,,,bundesliga,borussiamonchengladbach,
bundesliga_borussiamonchengladbach_timkleindienst,Tim,Kleindienst,bundesliga,borussiamonchengladbach,
bundesliga_borussiamonchengladbach_yannickengelhardt,,,bundesliga,borussiamonchengladbach,
bundesliga_eintrachtfrankfurt_arnaudkalimuendo,,,bundesliga,eintrachtfrankfurt,
bundesliga_eintrachtfrankfurt_arthurtheate,Arthur,Theate,bundesliga,eintrachtfrankfurt,
bundesliga_eintrachtfrankfurt_aureleamenda,,,bundesliga,eintrachtfrankfurt,
bundesliga_eintrachtfrankfurt_canuzun,,,bundesliga,eintrachtfrankfurt,
bundesliga_eintrachtfrankfurt_hugoekitike,,,bundesliga,eintrachtfrankfurt,
bundesliga_eintrachtfrankfurt_jeanmatteobahoya,,,bundesliga,eintrachtfrankfurt,
bundesliga_eintrachtfrankfurt_jonathanburkardt,Jonathan,Burkardt,bundesliga,eintrachtfrankfurt,
bundesliga_eintrachtfrankfurt_nathanielbrown,,,bundesliga,eintrachtfrankfurt,
bundesliga_eintrachtfrankfurt_nnamdicollins,,,bundesliga,eintrachtfrankfurt,
bundesliga_eintrachtfrankfurt_oscarhojlund,,,bundesliga,eintrachtfrankfurt,
bundesliga_eintrachtfrankfurt_rasmuskristensen,Rasmus,Kristensen,bundesliga,eintrachtfrankfurt,
bundesliga_eintrachtfrankfurt_ritsudoan,Ritsu,Doan,bundesliga,eintrachtfrankfurt,
bundesliga_fcheidenheim_adrianbeck,,,bundesliga,fcheidenheim,
bundesliga_fcheidenheim_arijonibrahimovic,,,bundesliga,fcheidenheim,
bundesliga_fcheidenheim_buduzivzivadze,,,bundesliga,fcheidenheim,
bundesliga_fcheidenheim_franskratzig,,,bundesliga,fcheidenheim,
bundesliga_fcheidenheim_hennesbehrens,,,bundesliga,fcheidenheim,
bundesliga_fcheidenheim_julianniehues,,,bundesliga,fcheidenheim,
bundesliga_fcheidenheim_leoscienza,,,bundesliga,fcheidenheim,
bundesliga_fcheidenheim_marnonbusch,,,bundesliga,fcheidenheim,
bundesliga_fcheidenheim_mathiashonsak,Mathias,Honsak,bundesliga,fcheidenheim,
bundesliga_fcheidenheim_niklasdorsch,Niklas,Dorsch,bundesliga,fcheidenheim,
bundesliga_fcheidenheim_paulwanner,,,bundesliga,fcheidenheim,
bundesliga_fcheidenheim_timsiersleben,,,bundesliga,fcheidenheim,
bundesliga_fcstpauli_adamdzwigala,,,bundesliga,fcstpauli,
bundesliga_fcstpauli_andreashountondji,,,bundesliga,fcstpauli,
bundesliga_fcstpauli_arkadiuszpyrka,,,bundesliga,fcstpauli,
bundesliga_fcstpauli_carloboukhalfa,,,bundesliga,fcstpauli,
bundesliga_fcstpauli_danelsinani,,,bundesliga,fcstpauli,
bundesliga_fcstpauli_davidnemeth,,,bundesliga,fcstpauli,
bundesliga_fcstpauli_ericsmith,,,bundesliga,fcstpauli,
bundesliga_fcstpauli_haukewahl,,,bundesliga,fcstpauli,
bundesliga_fcstpauli_jacksonirvine,,,bundesliga,fcstpauli,
bundesliga_fcstpauli_jamessands,,,bundesliga,fcstpauli,
bundesliga_fcstpauli_joelchimafujita,,,bundesliga,fcstpauli,
bundesliga_fcstpauli_johanneseggestein,,,bundesliga,fcstpauli,
bundesliga_fcstpauli_karolmets,,,bundesliga,fcstpauli,
bundesliga_fcstpauli_louisoppie,,,bundesliga,fcstpauli,
bundesliga_fcstpauli_manolissaliakas,,,bundesliga,fcstpauli,
bundesliga_fcstpauli_martijnkaars,,,bundesliga,fcstpauli,
bundesliga_fcstpauli_mathiaspereiralage,Mathias,Pereira Lage,bundesliga,fcstpauli,
bundesliga_fcstpauli_morganguilavogui,,,bundesliga,fcstpauli,
bundesliga_fcstpauli_noahweihaupt,,,bundesliga,fcstpauli,
bundesliga_fcstpauli_oladapoafolayan,,,bundesliga,fcstpauli,
bundesliga_fcstpauli_philipptreu,,,bundesliga,fcstpauli,
bundesliga_fcstpauli_tomoyaando,,,bundesliga,fcstpauli,
bundesliga_freiburg_brunoogbus,,,bundesliga,freiburg,
bundesliga_freiburg_derryscherhant,,,bundesliga,freiburg,
bundesliga_freiburg_erendinkci,Eren,Dinkci,bundesliga,freiburg,
bundesliga_freiburg_igormatanovic,,,bundesliga,freiburg,
bundesliga_freiburg_janniklasbeste,Jan-Niklas,Beste,bundesliga,freiburg,
bundesliga_freiburg_johanmanzambi,,,bundesliga,freiburg,
bundesliga_freiburg_junioradamu,,,bundesliga,freiburg,
bundesliga_freiburg_maximilianrosenfelder,,,bundesliga,freiburg,
bundesliga_freiburg_patrickosterhage,Patrick,Osterhage,bundesliga,freiburg,
bundesliga_freiburg_philipptreu,,,bundesliga,freiburg,
bundesliga_freiburg_yuitosuzuki,,,bundesliga,freiburg,
bundesliga_hamburgersv_albertsambilokonga,Albert,Sambi Lokonga,bundesliga,hamburgersv,
bundesliga_hamburgersv_danielelfadli,,,bundesliga,hamburgersv,
bundesliga_hamburgersv_fabiovieira,,,bundesliga,hamburgersv,
bundesliga_hamburgersv_jeanlucdompe,,,bundesliga,hamburgersv,
bundesliga_hamburgersv_jordantorunarigha,,,bundesliga,hamburgersv,
bundesliga_hamburgersv_lukavuskovic,,,bundesliga,hamburgersv,
bundesliga_hamburgersv_miromuheim,,,bundesliga,hamburgersv,
bundesliga_hamburgersv_nicolairemberg,,,bundesliga,hamburgersv,
bundesliga_hamburgersv_nicolascapaldo,,,bundesliga,hamburgersv,
bundesliga_hamburgersv_ransfordyeboahkonigsdorffer,,,bundesliga,hamburgersv,
bundesliga_hamburgersv_rayanphilippe,,,bundesliga,hamburgersv,
bundesliga_hamburgersv_warmedomari,Warmed,Omari,bundesliga,hamburgersv,
bundesliga_hamburgersv_williammikelbrencis,,,bundesliga,hamburgersv,
bundesliga_hoffenheim_adamhlozek,,,bundesliga,hoffenheim,
bundesliga_hoffenheim_albianhajdari,,,bundesliga,hoffenheim,
bundesliga_hoffenheim_alexanderprass,,,bundesliga,hoffenheim,
bundesliga_hoffenheim_arthurchaves,,,bundesliga,hoffenheim,
bundesliga_hoffenheim_bazoumanatoure,,,bundesliga,hoffenheim,
bundesliga_hoffenheim_bernardo,,Bernardo,bundesliga,hoffenheim,
bundesliga_hoffenheim_fisnikasllani,,,bundesliga,hoffenheim,
bundesliga_hoffenheim_leonavdullahu,,,bundesliga,hoffenheim,
bundesliga_hoffenheim_robinhranac,,,bundesliga,hoffenheim,
bundesliga_hoffenheim_stanleynsoki,,,bundesliga,hoffenheim,
bundesliga_hoffenheim_timlemperle,,,bundesliga,hoffenheim,
bundesliga_hoffenheim_tombischof,,,bundesliga,hoffenheim,
bundesliga_hoffenheim_valentingendrey,Valentin,Gendrey,bundesliga,hoffenheim,
bundesliga_hoffenheim_vladimircoufal,Vladimir,Coufal,bundesliga,hoffenheim,
bundesliga_hoffenheim_wouterburger,,,bundesliga,hoffenheim,
bundesliga_holsteinkiel_alexanderbernhardsson,,,bundesliga,holsteinkiel,
bundesliga_holsteinkiel_armingigovic,,,bundesliga,holsteinkiel,
bundesliga_holsteinkiel_davidzec,,,bundesliga,holsteinkiel,
bundesliga_holsteinkiel_finnporath,,,bundesliga,holsteinkiel,
bundesliga_holsteinkiel_lasserosenboom,,,bundesliga,holsteinkiel,
bundesliga_holsteinkiel_lewisholtby,,,bundesliga,holsteinkiel,
bundesliga_holsteinkiel_magnusknudsen,,,bundesliga,holsteinkiel,
bundesliga_holsteinkiel_marcokomenda,,,bundesliga,holsteinkiel,
bundesliga_holsteinkiel_markoivezic,,,bundesliga,holsteinkiel,
bundesliga_holsteinkiel_maxgeschwill,,,bundesliga,holsteinkiel,
bundesliga_holsteinkiel_nicolairemberg,,,bundesliga,holsteinkiel,
bundesliga_holsteinkiel_philharres,,,bundesliga,holsteinkiel,
bundesliga_holsteinkiel_shutomachino,,,bundesliga,holsteinkiel,
bundesliga_holsteinkiel_stevenskrzybski,,,bundesliga,holsteinkiel,
bundesliga_holsteinkiel_timobecker,,,bundesliga,holsteinkiel,
bundesliga_mainz05_andreashancheolsen,,,bundesliga,mainz05,
bundesliga_mainz05_dannydacosta,,,bundesliga,mainz05,
bundesliga_mainz05_kacperpotulski,,,bundesliga,mainz05,
bundesliga_mainz05_kaishusano,,,bundesliga,mainz05,
bundesliga_mainz05_moritzjenz,Moritz,Jenz,bundesliga,mainz05,
bundesliga_mainz05_paulnebel,,,bundesliga,mainz05,
bundesliga_mainz05_philliptietz,Phillip,Tietz,bundesliga,mainz05,
bundesliga_mainz05_stefanbell,,,bundesliga,mainz05,
bundesliga_mainz05_stefanposch,Stefan,Posch,bundesliga,mainz05,
bundesliga_rbleipzig_antonionusa,,,bundesliga,rbleipzig,
bundesliga_rbleipzig_arthurvermeeren,,,bundesliga,rbleipzig,
bundesliga_rbleipzig_elchadaillebitshiabu,,,bundesliga,rbleipzig,
bundesliga_rbleipzig_lutsharelgeertruida,,,bundesliga,rbleipzig,
bundesliga_rbleipzig_nicolasseiwald,,,bundesliga,rbleipzig,
bundesliga_rbleipzig_ridlebaku,Ridle,Baku,bundesliga,rbleipzig,
bundesliga_rbleipzig_romulo,,,bundesliga,rbleipzig,
bundesliga_rbleipzig_yandiomande,,,bundesliga,rbleipzig,
bundesliga_unionberlin_aljoschakemlein,,,bundesliga,unionberlin,
bundesliga_unionberlin_andrejilic,,,bundesliga,unionberlin,
bundesliga_unionberlin_derrickkohn,Derrick,Kohn,bundesliga,unionberlin,
bundesliga_unionberlin_ilyasansah,,,bundesliga,unionberlin,
bundesliga_unionberlin_leopoldquerfeld,,,bundesliga,unionberlin,
bundesliga_unionberlin_oliverburke,,,bundesliga,unionberlin,
bundesliga_unionberlin_timskarke,Tim,Skarke,bundesliga,unionberlin,
bundesliga_unionberlin_tomalexanderrothe,,,bundesliga,unionberlin,
bundesliga_unionberlin_wooyeongjeong,,,bundesliga,unionberlin,
bundesliga_vfbstuttgart_bilalelkhannouss,,,bundesliga,vfbstuttgart,
bundesliga_vfbstuttgart_chemaandres,,,bundesliga,vfbstuttgart,
bundesliga_vfbstuttgart_ermedindemirovic,Ermedin,Demirovic,bundesliga,vfbstuttgart,
bundesliga_vfbstuttgart_finnjeltsch,,,bundesliga,vfbstuttgart,
bundesliga_vfbstuttgart_jeffchabot,Jeff,Chabot,bundesliga,vfbstuttgart,
bundesliga_vfbstuttgart_lorenzassignon,Lorenz,Assignon,bundesliga,vfbstuttgart,
bundesliga_vfbstuttgart_nickwoltemade,Nick,Woltemade,bundesliga,vfbstuttgart,
bundesliga_vfbstuttgart_nikolasnartey,,,bundesliga,vfbstuttgart,
bundesliga_vfbstuttgart_ramonhendriks,,,bundesliga,vfbstuttgart,
bundesliga_vfbstuttgart_tiagotomas,Tiago,Tomas,bundesliga,vfbstuttgart,
bundesliga_werderbremen_amospieper,,,bundesliga,werderbremen,
bundesliga_werderbremen_cameronpuertas,,,bundesliga,werderbremen,
bundesliga_werderbremen_derrickkohn,Derrick,Kohn,bundesliga,werderbremen,
bundesliga_werderbremen_karimcoulibaly,,,bundesliga,werderbremen,
bundesliga_werderbremen_marcogrull,,,bundesliga,werderbremen,
bundesliga_werderbremen_samuelmbangula,,,bundesliga,werderbremen,
bundesliga_werderbremen_yukinarisugawara,,,bundesliga,werderbremen,
bundesliga_wolfsburg_aaronzehnter,,,bundesliga,wolfsburg,
bundesliga_wolfsburg_adamdaghim,,,bundesliga,wolfsburg,
bundesliga_wolfsburg_bencedardai,,,bundesliga,wolfsburg,
bundesliga_wolfsburg_christianeriksen,Christian,Eriksen,bundesliga,wolfsburg,
bundesliga_wolfsburg_denisvavro,,,bundesliga,wolfsburg,
bundesliga_wolfsburg_dzenanpejcinovic,,,bundesliga,wolfsburg,
bundesliga_wolfsburg_jakubkaminski,,,bundesliga,wolfsburg,
bundesliga_wolfsburg_jeanuelbelocian,Jeanuel,Belocian,bundesliga,wolfsburg,
bundesliga_wolfsburg_kilianfischer,,,bundesliga,wolfsburg,
bundesliga_wolfsburg_konstantinoskoulierakis,,,bundesliga,wolfsburg,
bundesliga_wolfsburg_mohamedamoura,,,bundesliga,wolfsburg,
bundesliga_wolfsburg_patrickwimmer,,,bundesliga,wolfsburg,
bundesliga_wolfsburg_saelkumbedi,,,bundesliga,wolfsburg,
bundesliga_wolfsburg_viniciussouza,Vinicius,Souza,bundesliga,wolfsburg,
laliga_athleticclub_adamaboiro,,,laliga,athleticclub,
laliga_athleticclub_alejandroregomora,,,laliga,athleticclub,
laliga_athleticclub_andonigorosabel,Andoni,Gorosabel,laliga,athleticclub,
laliga_athleticclub_aymericlaporte,,,laliga,athleticclub,
laliga_athleticclub_jesusareso,Jesus,Areso,laliga,athleticclub,
laliga_athleticclub_mikeljauregizar,,,laliga,athleticclub,
laliga_athleticclub_robertnavarro,Robert,Navarro,laliga,athleticclub,
laliga_athleticclub_unaigomez,,,laliga,athleticclub,
laliga_atleticomadrid_alexandersorloth,Alexander,Sorloth,laliga,atleticomadrid,
laliga_atleticomadrid_alexbaena,Alex,Baena,laliga,atleticomadrid,
laliga_atleticomadrid_clementlenglet,Clement,Lenglet,laliga,atleticomadrid,
laliga_atleticomadrid_conorgallagher,Conor,Gallagher,laliga,atleticomadrid,
laliga_atleticomadrid_davidhancko,,,laliga,atleticomadrid,
laliga_atleticomadrid_giulianosimeone,,,laliga,atleticomadrid,
laliga_atleticomadrid_javigalan,Javi,Galan,laliga,atleticomadrid,
laliga_atleticomadrid_julianalvarez,Julian,Alvarez,laliga,atleticomadrid,
laliga_atleticomadrid_marcpubill,Marc,Pubill,laliga,atleticomadrid,
laliga_atleticomadrid_matteoruggeri,Matteo,Ruggeri,laliga,atleticomadrid,
laliga_atleticomadrid_nicolasgonzalez,Nicolas,Gonzalez,laliga,atleticomadrid,
laliga_atleticomadrid_robinlenormand,Robin,Le Normand,laliga,atleticomadrid,
laliga_atleticomadrid_rodrigomendoza,,,laliga,atleticomadrid,
laliga_atleticomadrid_thiagoalmada,,,laliga,atleticomadrid,
laliga_barcelona_daniolmo,Dani,Olmo,laliga,barcelona,
laliga_barcelona_ericgarcia,Eric,Garcia,laliga,barcelona,
laliga_barcelona_gavi,,,laliga,barcelona,
laliga_barcelona_gerardmartin,,,laliga,barcelona,
laliga_barcelona_marccasado,,,laliga,barcelona,
laliga_barcelona_marcusrashford,Marcus,Rashford,laliga,barcelona,
laliga_celtavigo_alfongonzalez,,,laliga,celtavigo,
laliga_celtavigo_alvaronunez,,,laliga,celtavigo,
laliga_celtavigo_borjaiglesias,,,laliga,celtavigo,
laliga_celtavigo_bryanzaragoza,Bryan,Zaragoza,laliga,celtavigo,
laliga_celtavigo_ferlopez,,,laliga,celtavigo,
laliga_celtavigo_ferranjutgla,,,laliga,celtavigo,
laliga_celtavigo_hugoalvarez,,,laliga,celtavigo,
laliga_celtavigo_hugosotelo,,,laliga,celtavigo,
laliga_celtavigo_ilaixmoriba,,,laliga,celtavigo,
laliga_celtavigo_javierrueda,,,laliga,celtavigo,
laliga_celtavigo_javirodriguez,,,laliga,celtavigo,
laliga_celtavigo_marcosalonso,,,laliga,celtavigo,
laliga_celtavigo_miguelroman,,,laliga,celtavigo,
laliga_celtavigo_pabloduran,,,laliga,celtavigo,
laliga_celtavigo_sergiocarreira,,,laliga,celtavigo,
laliga_celtavigo_vicenteguaita,,,laliga,celtavigo,
laliga_celtavigo_williotswedberg,,,laliga,celtavigo,
laliga_deportivoalaves_abderrahmanrebbach,,,laliga,deportivoalaves,
laliga_deportivoalaves_angelperez,,,laliga,deportivoalaves,
laliga_deportivoalaves_carlesalena,Carles,Alena,laliga,deportivoalaves,
laliga_deportivoalaves_carlosmartin,,,laliga,deportivoalaves,
laliga_deportivoalaves_denissuarez,,,laliga,deportivoalaves,
laliga_deportivoalaves_joanjordan,,,laliga,deportivoalaves,
laliga_deportivoalaves_jonnyotto,,,laliga,deportivoalaves,
laliga_deportivoalaves_jonpacheco,Jon,Pacheco,laliga,deportivoalaves,
laliga_deportivoalaves_lucasboye,Lucas,Boye,laliga,deportivoalaves,
laliga_deportivoalaves_manuelsanchez,Manuel,Sanchez,laliga,deportivoalaves,
laliga_deportivoalaves_moussadiarra,Moussa,Diarra,laliga,deportivoalaves,
laliga_deportivoalaves_pabloibanez,Pablo,Ibanez,laliga,deportivoalaves,
laliga_deportivoalaves_santiagomourino,,,laliga,deportivoalaves,
laliga_deportivoalaves_tonimartinez,,,laliga,deportivoalaves,
laliga_deportivoalaves_victorparada,,,laliga,deportivoalaves,
laliga_deportivoalaves_youssefenriquez,,,laliga,deportivoalaves,
laliga_elche_adriapedrosa,Adria,Pedrosa,laliga,elche,
laliga_elche_aleixfebas,,,laliga,elche,
laliga_elche_alvarorodriguez,,,laliga,elche,
laliga_elche_andresilva,,,laliga,elche,
laliga_elche_davidaffengruber,,,laliga,elche,
laliga_elche_germanvalera,,,laliga,elche,
laliga_elche_leopetrot,,,laliga,elche,
laliga_elche_marcaguado,,,laliga,elche,
laliga_elche_martimneto,,,laliga,elche,
laliga_elche_pedrobigas,,,laliga,elche,
laliga_elche_rafamir,,,laliga,elche,
laliga_elche_victorchust,Victor,Chust,laliga,elche,
laliga_espanyol_alejoveliz,,,laliga,espanyol,
laliga_espanyol_alexkral,Alex,Kral,laliga,espanyol,
laliga_espanyol_alvarotejero,,,laliga,espanyol,
laliga_espanyol_antoniuroca,,,laliga,espanyol,
laliga_espanyol_brianolivan,,,laliga,espanyol,
laliga_espanyol_carlosromero,,,laliga,espanyol,
laliga_espanyol_clemensriedel,,,laliga,espanyol,
laliga_espanyol_eduexposito,,,laliga,espanyol,
laliga_espanyol_fernandocalero,,,laliga,espanyol,
laliga_espanyol_javipuado,,,laliga,espanyol,
laliga_espanyol_jofrecarreras,,,laliga,espanyol,
laliga_espanyol_kikegarcia,Kike,Garcia,laliga,espanyol,
laliga_espanyol_leandrocabrera,,,laliga,espanyol,
laliga_espanyol_marashkumbulla,,,laliga,espanyol,
laliga_espanyol_omarelhilali,,,laliga,espanyol,
laliga_espanyol_peremilla,,,laliga,espanyol,
laliga_espanyol_pollozano,,,laliga,espanyol,
laliga_espanyol_ramonterrats,,,laliga,espanyol,
laliga_espanyol_robertofernandez,,,laliga,espanyol,
laliga_espanyol_tyrhysdolan,,,laliga,espanyol,
laliga_espanyol_urkogonzalez,,,laliga,espanyol,
laliga_getafe_abdelabqar,Abdel,Abqar,laliga,getafe,
laliga_getafe_adrianliso,,,laliga,getafe,
laliga_getafe_alexsola,Alex,Sola,laliga,getafe,
laliga_getafe_bertugyildirim,,,laliga,getafe,
laliga_getafe_carlesperez,,,laliga,getafe,
laliga_getafe_christantusuche,,,laliga,getafe,
laliga_getafe_cobadacosta,,,laliga,getafe,
laliga_getafe_domingosduarte,,,laliga,getafe,
laliga_getafe_juanberrocal,,,laliga,getafe,
laliga_getafe_kikofemenia,Kiko,Femenia,laliga,getafe,
laliga_getafe_luisvazquez,,,laliga,getafe,
laliga_getafe_mariomartin,,,laliga,getafe,
laliga_getafe_martinsatriano,Martin,Satriano,laliga,getafe,
laliga_getafe_mauroarambarri,,,laliga,getafe,
laliga_getafe_ramonterrats,,,laliga,getafe,
laliga_getafe_zaidromero,,,laliga,getafe,
laliga_girona_abelruiz,,,laliga,girona,
laliga_girona_alejandrofrances,,,laliga,girona,
laliga_girona_alexmoreno,Alex,Moreno,laliga,girona,
laliga_girona_arnautdanjuma,,,laliga,girona,
laliga_girona_axelwitsel,Axel,Witsel,laliga,girona,
laliga_girona_azzedineounahi,Azzedine,Ounahi,laliga,girona,
laliga_girona_bryangil,,,laliga,girona,
laliga_girona_cristhianstuani,,,laliga,girona,
laliga_girona_donnyvandebeek,,,laliga,girona,
laliga_girona_franbeltran,Fran,Beltran,laliga,girona,
laliga_girona_hugorincon,,,laliga,girona,
laliga_girona_joelroca,,,laliga,girona,
laliga_girona_ladislavkrejci,,,laliga,girona,
laliga_girona_oriolromeu,,,laliga,girona,
laliga_girona_thomaslemar,,,laliga,girona,
laliga_girona_vitorreis,,,laliga,girona,
laliga_girona_vladyslavvanat,,,laliga,girona,
laliga_girona_yaserasprilla,,,laliga,girona,
laliga_laspalmas_alexmunoz,,,laliga,laspalmas,
laliga_laspalmas_darioessugo,,,laliga,laspalmas,
laliga_laspalmas_fabiosilva,,,laliga,laspalmas,
laliga_laspalmas_josecampana,,,laliga,laspalmas,
laliga_laspalmas_juanmaherzog,,,laliga,laspalmas,
laliga_laspalmas_olimcburnie,Oli,McBurnie,laliga,laspalmas,
laliga_laspalmas_scottmckenna,,,laliga,laspalmas,
laliga_laspalmas_vitirozada,,,laliga,laspalmas,
laliga_leganes_adriaaltimira,,,laliga,leganes,
laliga_leganes_daniraba,,,laliga,leganes,
laliga_leganes_darkobrasanac,,,laliga,leganes,
laliga_leganes_diegogarcia,,,laliga,leganes,
laliga_leganes_javierhernandez,Javier,Hernandez,laliga,leganes,
laliga_leganes_jorgesaenz,,,laliga,leganes,
laliga_leganes_juancruz,Juan,Cruz,laliga,leganes,
laliga_leganes_matijanastasic,Matija,Nastasic,laliga,leganes,
laliga_leganes_migueldelafuente,,,laliga,leganes,
laliga_leganes_oscarrodriguez,,,laliga,leganes,
laliga_leganes_renatotapia,Renato,Tapia,laliga,leganes,
laliga_leganes_sergiogonzalez,,,laliga,leganes,
laliga_leganes_seydoubacisse,,,laliga,leganes,
laliga_leganes_valentinrosier,,,laliga,leganes,
laliga_leganes_yvanneyou,,,laliga,leganes,
laliga_levante_adriandelafuente,,,laliga,levante,
laliga_levante_carlosalvarez,,,laliga,levante,
laliga_levante_carlosespi,,,laliga,levante,
laliga_levante_ettaeyong,,,laliga,levante,
laliga_levante_ivanromero,,,laliga,levante,
laliga_levante_jeremytoljan,Jeremy,Toljan,laliga,levante,
laliga_levante_jonanderolasagasti,,,laliga,levante,
laliga_levante_kareemtunde,,,laliga,levante,
laliga_levante_kervinarriaga,,,laliga,levante,
laliga_levante_manuelsanchez,Manuel,Sanchez,laliga,levante,
laliga_levante_matiasmoreno,,,laliga,levante,
laliga_levante_oriolrey,,,laliga,levante,
laliga_levante_pablomartinez,,,laliga,levante,
laliga_levante_rogerbrugue,,,laliga,levante,
laliga_levante_victorgarcia,,,laliga,levante,
laliga_mallorca_janvirgili,,,laliga,mallorca,
laliga_mallorca_johanmojica,Johan,Mojica,laliga,mallorca,
laliga_mallorca_mateojoseph,,,laliga,mallorca,
laliga_mallorca_pablotorre,,,laliga,mallorca,
laliga_mallorca_robertnavarro,Robert,Navarro,laliga,mallorca,
laliga_mallorca_takumaasano,Takuma,Asano,laliga,mallorca,
laliga_osasuna_abelbretones,,,laliga,osasuna,
laliga_osasuna_bryanzaragoza,Bryan,Zaragoza,laliga,osasuna,
laliga_osasuna_enzoboyomo,,,laliga,osasuna,
laliga_osasuna_javigalan,Javi,Galan,laliga,osasuna,
laliga_osasuna_juancruz2,,,laliga,osasuna,
laliga_osasuna_raulgarciadeharo,,,laliga,osasuna,
laliga_osasuna_valentinrosier,,,laliga,osasuna,
laliga_osasuna_victormunoz,,,laliga,osasuna,
laliga_rayovallecano_adrianembarba,Adrian,Embarba,laliga,rayovallecano,
laliga_rayovallecano_alemao,,,laliga,rayovallecano,
laliga_rayovallecano_andreiratiu,,,laliga,rayovallecano,
laliga_rayovallecano_franperez,Fran,Perez,laliga,rayovallecano,
laliga_rayovallecano_gerardgumbau,Gerard,Gumbau,laliga,rayovallecano,
laliga_rayovallecano_nobelmendy,,,laliga,rayovallecano,
laliga_rayovallecano_pedrodiaz,,,laliga,rayovallecano,
laliga_rayovallecano_randynteka,,,laliga,rayovallecano,
laliga_realbetis_abdessamadezzalzouli,,,laliga,realbetis,
laliga_realbetis_antony,,Antony,laliga,realbetis,
laliga_realbetis_diegollorente,Diego,Llorente,laliga,realbetis,
laliga_realbetis_giovanilocelso,,,laliga,realbetis,
laliga_realbetis_jesusrodriguez,,,laliga,realbetis,
laliga_realbetis_marcbartra,,,laliga,realbetis,
laliga_realbetis_natan,,,laliga,realbetis,
laliga_realbetis_ricardorodriguez,Ricardo,Rodriguez,laliga,realbetis,
laliga_realbetis_romainperraud,,,laliga,realbetis,
laliga_realbetis_sergialtimira,,,laliga,realbetis,
laliga_realbetis_sofyanamrabat,,,laliga,realbetis,
laliga_realbetis_valentingomez,,,laliga,realbetis,
laliga_realbetis_vitorroque,,,laliga,realbetis,
laliga_realmadrid_alvarocarreras,,,laliga,realmadrid,
laliga_realmadrid_ardaguler,,,laliga,realmadrid,
laliga_realmadrid_daniceballos,,,laliga,realmadrid,
laliga_realmadrid_deanhuijsen,,,laliga,realmadrid,
laliga_realmadrid_edermilitao,,,laliga,realmadrid,
laliga_realmadrid_francomastantuono,,,laliga,realmadrid,
laliga_realmadrid_kylianmbappe,Kylian,Mbappe,laliga,realmadrid,
laliga_realmadrid_raulasencio,,,laliga,realmadrid,
laliga_realmadrid_trentalexanderarnold,Trent,Alexander-Arnold,laliga,realmadrid,
laliga_realoviedo_albertoreina,,,laliga,realoviedo,
laliga_realoviedo_danicalvo,,,laliga,realoviedo,
laliga_realoviedo_davidcarmo,,,laliga,realoviedo,
laliga_realoviedo_davidcostas,,,laliga,realoviedo,
laliga_realoviedo_ericbailly,,,laliga,realoviedo,
laliga_realoviedo_federicovinas,,,laliga,realoviedo,
laliga_realoviedo_haissemhassan,,,laliga,realoviedo,
laliga_realoviedo_ilyaschaira,,,laliga,realoviedo,
laliga_realoviedo_javilopez,Javi,Lopez,laliga,realoviedo,
laliga_realoviedo_kwasisibo,,,laliga,realoviedo,
laliga_realoviedo_leanderdendoncker,,,laliga,realoviedo,
laliga_realoviedo_lucasahijado,,,laliga,realoviedo,
laliga_realoviedo_nachovidal,,,laliga,realoviedo,
laliga_realoviedo_nicolasfonseca,,,laliga,realoviedo,
laliga_realoviedo_salomonrondon,,,laliga,realoviedo,
laliga_realoviedo_santiagocolombatto,,,laliga,realoviedo,
laliga_realsociedad_aritzelustondo,,,laliga,realsociedad,
laliga_realsociedad_carlossoler,Carlos,Soler,laliga,realsociedad,
laliga_realsociedad_dujecaletacar,Duje,Caleta-Car,laliga,realsociedad,
laliga_realsociedad_goncaloguedes,,,laliga,realsociedad,
laliga_realsociedad_javilopez,Javi,Lopez,laliga,realsociedad,
laliga_realsociedad_jonaramburu,,,laliga,realsociedad,
laliga_realsociedad_jongorrotxategi,,,laliga,realsociedad,
laliga_realsociedad_jonmartin,,,laliga,realsociedad,
laliga_realsociedad_lukasucic,,,laliga,realsociedad,
laliga_realsociedad_nayefaguerd,Nayef,Aguerd,laliga,realsociedad,
laliga_realsociedad_pablomarin,,,laliga,realsociedad,
laliga_realsociedad_sergiogomez,,,laliga,realsociedad,
laliga_realvalladolid_anuar,,,laliga,realvalladolid,
laliga_realvalladolid_davidtorres,,,laliga,realvalladolid,
laliga_realvalladolid_eraycomert,Eray,Comert,laliga,realvalladolid,
laliga_realvalladolid_ivansanchez,,,laliga,realvalladolid,
laliga_realvalladolid_javisanchez,,,laliga,realvalladolid,
laliga_realvalladolid_juanmilatasa,Juanmi,Latasa,laliga,realvalladolid,
laliga_realvalladolid_kikeperez,,,laliga,realvalladolid,
laliga_realvalladolid_lucasrosa,,,laliga,realvalladolid,
laliga_realvalladolid_luisperez,,,laliga,realvalladolid,
laliga_realvalladolid_mamadousylla,,,laliga,realvalladolid,
laliga_realvalladolid_marcosandre,,,laliga,realvalladolid,
laliga_realvalladolid_mariomartin,,,laliga,realvalladolid,
laliga_realvalladolid_raulmoro,,,laliga,realvalladolid,
laliga_realvalladolid_selimamallah,,,laliga,realvalladolid,
laliga_realvalladolid_stankojuric,,,laliga,realvalladolid,
laliga_sevilla_akoradams,Akor,Adams,laliga,sevilla,
laliga_sevilla_albertsambilokonga,Albert,Sambi Lokonga,laliga,sevilla,
laliga_sevilla_alexissanchez,,,laliga,sevilla,
laliga_sevilla_batistamendy,Batista,Mendy,laliga,sevilla,
laliga_sevilla_cesarazpilicueta,Cesar,Azpilicueta,laliga,sevilla,
laliga_sevilla_gabrielsuazo,Gabriel,Suazo,laliga,sevilla,
laliga_sevilla_joseangelcarmona,Jose Angel,Carmona,laliga,sevilla,
laliga_sevilla_lucienagoume,,,laliga,sevilla,
laliga_sevilla_oso,,,laliga,sevilla,
laliga_sevilla_pequefernandez,,,laliga,sevilla,
laliga_sevilla_rubenvargas,Ruben,Vargas,laliga,sevilla,
laliga_sevilla_saulniguez,Saul,Niguez,laliga,sevilla,
laliga_valencia_andrealmeida,,,laliga,valencia,
laliga_valencia_arnautdanjuma,,,laliga,valencia,
laliga_valencia_cesartarrega,,,laliga,valencia,
laliga_valencia_enzobarrenechea,Enzo,Barrenechea,laliga,valencia,
laliga_valencia_eraycomert,Eray,Comert,laliga,valencia,
laliga_valencia_filipugrinic,,,laliga,valencia,
laliga_valencia_guidorodriguez,Guido,Rodriguez,laliga,valencia,
laliga_valencia_josecopete,Jose,Copete,laliga,valencia,
laliga_valencia_largieramazani,Largie,Ramazani,laliga,valencia,
laliga_valencia_lucasbeltran,Lucas,Beltran,laliga,valencia,
laliga_valencia_luisrioja,Luis,Rioja,laliga,valencia,
laliga_valencia_umarsadiq,Umar,Sadiq,laliga,valencia,
laliga_villarreal_albertomoleiro,Alberto,Moleiro,laliga,villarreal,
laliga_villarreal_ayozeperez,Ayoze,Perez,laliga,villarreal,
laliga_villarreal_diegoconde,,,laliga,villarreal,
laliga_villarreal_georgesmikautadze,Georges,Mikautadze,laliga,villarreal,
laliga_villarreal_logancosta,Logan,Costa,laliga,villarreal,
laliga_villarreal_nicolaspepe,Nicolas,Pepe,laliga,villarreal,
laliga_villarreal_papegueye,,,laliga,villarreal,
laliga_villarreal_paunavarro,,,laliga,villarreal,
laliga_villarreal_rafamarin,Rafa,Marin,laliga,villarreal,
laliga_villarreal_renatoveiga,,,laliga,villarreal,
laliga_villarreal_santiagomourino,,,laliga,villarreal,
laliga_villarreal_sergicardona,Sergi,Cardona,laliga,villarreal,
laliga_villarreal_tajonbuchanan,,,laliga,villarreal,
laliga_villarreal_thiernobarry,,,laliga,villarreal,
laliga_villarreal_willykambwala,,,laliga,villarreal,
laliga_villarreal_yeremypino,,,laliga,villarreal,
ligue1_angers_abdoulayebamba,,,ligue1,angers,
ligue1_angers_aminesbai,,,ligue1,angers,
ligue1_angers_brancovandenboomen,,,ligue1,angers,
ligue1_angers_carlensarcus,,,ligue1,angers,
ligue1_angers_emmanuelbiumla,,,ligue1,angers,
ligue1_angers_estebanlepaul,,,ligue1,angers,
ligue1_angers_faridelmelali,,,ligue1,angers,
ligue1_angers_florenthanin,,,ligue1,angers,
ligue1_angers_harisbelkebla,,,ligue1,angers,
ligue1_angers_himadabdelli,,,ligue1,angers,
ligue1_angers_jacquesekomie,,,ligue1,angers,
ligue1_angers_jeaneudesaholou,,,ligue1,angers,
ligue1_angers_jimallevinah,Jim,Allevinah,ligue1,angers,
ligue1_angers_jordanlefort,,,ligue1,angers,
ligue1_angers_lilianraolisoa,,,ligue1,angers,
ligue1_angers_louismouton,,,ligue1,angers,
ligue1_angers_ousmanecamara,,,ligue1,angers,
ligue1_angers_prosperpeter,,,ligue1,angers,
ligue1_angers_sidikicherif,,,ligue1,angers,
ligue1_angers_yassinbelkhdim,,,ligue1,angers,
ligue1_auxerre_bryanokoh,,,ligue1,auxerre,
ligue1_auxerre_clementakpa,,,ligue1,auxerre,
ligue1_auxerre_dannynamaso,,,ligue1,auxerre,
ligue1_auxerre_elishaowusu,,,ligue1,auxerre,
ligue1_auxerre_fredrikoppegard,,,ligue1,auxerre,
ligue1_auxerre_gabrielosho,Gabriel,Osho,ligue1,auxerre,
ligue1_auxerre_gaetanperrin,,,ligue1,auxerre,
ligue1_auxerre_gideonmensah,,,ligue1,auxerre,
ligue1_auxerre_hamedjuniortraore,,,ligue1,auxerre,
ligue1_auxerre_hannoahmassengo,,,ligue1,auxerre,
ligue1_auxerre_josuecasimir,Josue,Casimir,ligue1,auxerre,
ligue1_auxerre_jubal,,,ligue1,auxerre,
ligue1_auxerre_kevindanois,,,ligue1,auxerre,
ligue1_auxerre_kijanahoever,,,ligue1,auxerre,
ligue1_auxerre_laminesy,,,ligue1,auxerre,
ligue1_auxerre_lassinesinayoko,,,ligue1,auxerre,
ligue1_auxerre_marvinsenaya,Marvin,Senaya,ligue1,auxerre,
ligue1_auxerre_pauljoly,,,ligue1,auxerre,
ligue1_auxerre_sekoumara,,,ligue1,auxerre,
ligue1_auxerre_sinalydiomande,,,ligue1,auxerre,
ligue1_brest_abdallahsima,,,ligue1,brest,
ligue1_brest_abdoulayendiaye,,,ligue1,brest,
ligue1_brest_daoudaguindo,,,ligue1,brest,
ligue1_brest_edimilsonfernandes,Edimilson,Fernandes,ligue1,brest,
ligue1_brest_jorischotard,Joris,Chotard,ligue1,brest,
ligue1_brest_julienlecardinal,,,ligue1,brest,
ligue1_brest_kamorydoumbia,,,ligue1,brest,
ligue1_brest_ludovicajorque,Ludovic,Ajorque,ligue1,brest,
ligue1_brest_mamabalde,,,ligue1,brest,
ligue1_brest_massadiohaidara,,,ligue1,brest,
ligue1_brest_micheldiaz,,,ligue1,brest,
ligue1_brest_pathemboup,,,ligue1,brest,
ligue1_brest_pierreleesmelou,,,ligue1,brest,
ligue1_brest_remylabeaulascary,,,ligue1,brest,
ligue1_brest_soumailacoulibaly,,,ligue1,brest,
ligue1_lehavre_allysamatta,,,ligue1,lehavre,
ligue1_lehavre_ayumuseko,,,ligue1,lehavre,
ligue1_lehavre_fodedoucoure,,,ligue1,lehavre,
ligue1_lehavre_issasoumare,,,ligue1,lehavre,
ligue1_lehavre_juniormwanga,Junior,Mwanga,ligue1,lehavre,
ligue1_lehavre_lucasgournadouath,,,ligue1,lehavre,
ligue1_lehavre_rassoulndiaye,,,ligue1,lehavre,
ligue1_lehavre_simonebonog,,,ligue1,lehavre,
ligue1_lehavre_sofianeboufal,,,ligue1,lehavre,
ligue1_lehavre_timotheepembele,,,ligue1,lehavre,
ligue1_lehavre_yaniszouaoui,,,ligue1,lehavre,
ligue1_lens_anasszaroury,,,ligue1,lens,
ligue1_lens_florianthauvin,Florian,Thauvin,ligue1,lens,
ligue1_lens_ismaeloganiou,,,ligue1,lens,
ligue1_lens_malangsarr,,,ligue1,lens,
ligue1_lens_mamadousangare,,,ligue1,lens,
ligue1_lens_matthieuudol,Matthieu,Udol,ligue1,lens,
ligue1_lens_mbalanzola,M'Bala,Nzola,ligue1,lens,
ligue1_lens_odsonneedouard,Odsonne,Edouard,ligue1,lens,
ligue1_lens_samsonbaidoo,,,ligue1,lens,
ligue1_lens_saudabdulhamid,,,ligue1,lens,
ligue1_lille_aissamandi,Aissa,Mandi,ligue1,lille,
ligue1_lille_andregomes,,,ligue1,lille,
ligue1_lille_ayyoubbouaddi,,,ligue1,lille,
ligue1_lille_felixcorreia,,,ligue1,lille,
ligue1_lille_matiasfernandezpardo,,,ligue1,lille,
ligue1_lille_mitchelbakker,,,ligue1,lille,
ligue1_lille_nathanngoy,,,ligue1,lille,
ligue1_lille_ngalayelmukau,,,ligue1,lille,
ligue1_lille_oliviergiroud,Olivier,Giroud,ligue1,lille,
ligue1_lille_osamesahraoui,,,ligue1,lille,
ligue1_lille_romainperraud,,,ligue1,lille,
ligue1_lille_thomasmeunier,Thomas,Meunier,ligue1,lille,
ligue1_lorient_abdoulayefaye,,,ligue1,lorient,
ligue1_lorient_ahmadoubambadieng,,,ligue1,lorient,
ligue1_lorient_aiyeguntosin,,,ligue1,lorient,
ligue1_lorient_arsenekouassi,,,ligue1,lorient,
ligue1_lorient_arthuravomebong,,,ligue1,lorient,
ligue1_lorient_bamomeite,,,ligue1,lorient,
ligue1_lorient_igorsilva,,,ligue1,lorient,
ligue1_lorient_jeanvictormakengo,,,ligue1,lorient,
ligue1_lorient_karimdermane,,,ligue1,lorient,
ligue1_lorient_noahcadiou,,,ligue1,lorient,
ligue1_lorient_pablopagis,,,ligue1,lorient,
ligue1_lyon_abnervinicius,Abner,Vinicius,ligue1,lyon,
ligue1_lyon_afonsomoreira,,,ligue1,lyon,
ligue1_lyon_endrick,,,ligue1,lyon,
ligue1_lyon_georgesmikautadze,Georges,Mikautadze,ligue1,lyon,
ligue1_lyon_jordanveretout,Jordan,Veretout,ligue1,lyon,
ligue1_lyon_khalismerah,,,ligue1,lyon,
ligue1_lyon_malickfofana,,,ligue1,lyon,
ligue1_lyon_moussaniakhate,Moussa,Niakhate,ligue1,lyon,
ligue1_lyon_pavelsulc,,,ligue1,lyon,
ligue1_lyon_tannertessmann,,,ligue1,lyon,
ligue1_lyon_tylermorton,,,ligue1,lyon,
ligue1_marseille_adrienrabiot,Adrien,Rabiot,ligue1,marseille,
ligue1_marseille_aminegouiri,Amine,Gouiri,ligue1,marseille,
ligue1_marseille_amirmurillo,,,ligue1,marseille,
ligue1_marseille_benjaminpavard,Benjamin,Pavard,ligue1,marseille,
ligue1_marseille_derekcornelius,,,ligue1,marseille,
ligue1_marseille_emerson,,Emerson,ligue1,marseille,
ligue1_marseille_facundomedina,Facundo,Medina,ligue1,marseille,
ligue1_marseille_himadabdelli,,,ligue1,marseille,
ligue1_marseille_igorpaixao,,,ligue1,marseille,
ligue1_marseille_luishenrique,,,ligue1,marseille,
ligue1_marseille_masongreenwood,Mason,Greenwood,ligue1,marseille,
ligue1_marseille_nayefaguerd,Nayef,Aguerd,ligue1,marseille,
ligue1_marseille_nealmaupay,Neal,Maupay,ligue1,marseille,
ligue1_marseille_pierreemilehojbjerg,Pierre-Emile,Hojbjerg,ligue1,marseille,
ligue1_marseille_quintentimber,,,ligue1,marseille,
ligue1_marseille_timothyweah,Timothy,Weah,ligue1,marseille,
ligue1_marseille_valentinrongier,,,ligue1,marseille,
ligue1_metz_alphatoure,,,ligue1,metz,
ligue1_metz_boubacartraore,,,ligue1,metz,
ligue1_metz_gauthierhein,,,ligue1,metz,
ligue1_metz_giorgitsitaishvili,,,ligue1,metz,
ligue1_metz_habiboudiallo,,,ligue1,metz,
ligue1_metz_jeanphilippegbamin,,,ligue1,metz,
ligue1_metz_jessydeminguet,,,ligue1,metz,
ligue1_metz_koffikouao,,,ligue1,metz,
ligue1_metz_sadibousane,,,ligue1,metz,
ligue1_metz_terryyegbe,,,ligue1,metz,
ligue1_monaco_ansufati,,,ligue1,monaco,
ligue1_monaco_breelembolo,,,ligue1,monaco,
ligue1_monaco_caiohenrique,,,ligue1,monaco,
ligue1_monaco_christianmawissa,Christian,Mawissa,ligue1,monaco,
ligue1_monaco_eliessebenseghir,,,ligue1,monaco,
ligue1_monaco_jordanteze,,,ligue1,monaco,
ligue1_monaco_laminecamara,Lamine,Camara,ligue1,monaco,
ligue1_monaco_mamadoucoulibaly,,,ligue1,monaco,
ligue1_monaco_mikabiereth,,,ligue1,monaco,
ligue1_monaco_woutfaes,,,ligue1,monaco,
ligue1_montpellier_enzotchatombiayi,,,ligue1,montpellier,
ligue1_montpellier_rabbynzingoula,,,ligue1,montpellier,
ligue1_montpellier_tanguycoulibaly,,,ligue1,montpellier,
ligue1_montpellier_theosainteluce,,,ligue1,montpellier,
ligue1_nantes_augustodouglas,,,ligue1,nantes,
ligue1_nantes_chidozieawaziem,,,ligue1,nantes,
ligue1_nantes_dehmainetabibou,,,ligue1,nantes,
ligue1_nantes_deivermachado,Deiver,Machado,ligue1,nantes,
ligue1_nantes_johannlepenant,,,ligue1,nantes,
ligue1_nantes_kelvinamian,,,ligue1,nantes,
ligue1_nantes_louisleroux,,,ligue1,nantes,
ligue1_nantes_nicolascozza,,,ligue1,nantes,
ligue1_nantes_saidousow,,,ligue1,nantes,
ligue1_nantes_sorbathomas,,,ligue1,nantes,
ligue1_nantes_tyleltati,,,ligue1,nantes,
ligue1_nice_abdulayjumabah,,,ligue1,nice,
ligue1_nice_aliabdi,,,ligue1,nice,
ligue1_nice_antoinemendy,,,ligue1,nice,
ligue1_nice_badredinebouanani,,,ligue1,nice,
ligue1_nice_baptistesantamaria,Baptiste,Santamaria,ligue1,nice,
ligue1_nice_charlesvanhoutte,,,ligue1,nice,
ligue1_nice_jonathanclauss,Jonathan,Clauss,ligue1,nice,
ligue1_nice_kojopeprahoppong,,,ligue1,nice,
ligue1_nice_mohamedalicho,,,ligue1,nice,
ligue1_nice_moisebombito,,,ligue1,nice,
ligue1_nice_sofianediop,,,ligue1,nice,
ligue1_nice_tanguyndombele,,,ligue1,nice,
ligue1_nice_tomlouchet,,,ligue1,nice,
ligue1_parisfc_adamacamara,,,ligue1,parisfc,
ligue1_parisfc_diegocoppola,Diego,Coppola,ligue1,parisfc,
ligue1_parisfc_hamaritraore,Hamari,Traore,ligue1,parisfc,
ligue1_parisfc_ilankebbal,,,ligue1,parisfc,
ligue1_parisfc_jeanphilippekrasso,,,ligue1,parisfc,
ligue1_parisfc_jonathanikone,Jonathan,Ikone,ligue1,parisfc,
ligue1_parisfc_maximelopez,,,ligue1,parisfc,
ligue1_parisfc_mosessimon,Moses,Simon,ligue1,parisfc,
ligue1_parisfc_nhoasangui,,,ligue1,parisfc,
ligue1_parisfc_otavio,,,ligue1,parisfc,
ligue1_parisfc_pierreleesmelou,,,ligue1,parisfc,
ligue1_parisfc_rudymatondo,,,ligue1,parisfc,
ligue1_parisfc_samirchergui,,,ligue1,parisfc,
ligue1_parisfc_thibaultdesmet,Thibault,De Smet,ligue1,parisfc,
ligue1_parisfc_willemgeubbels,,,ligue1,parisfc,
ligue1_parissaintgermain_desiredoue,Desire,Doue,ligue1,parissaintgermain,
ligue1_parissaintgermain_ilyazabarnyi,Ilya,Zabarnyi,ligue1,parissaintgermain,
ligue1_parissaintgermain_joaoneves,,,ligue1,parissaintgermain,
ligue1_parissaintgermain_khvichakvaratskhelia,Khvicha,Kvaratskhelia,ligue1,parissaintgermain,
ligue1_parissaintgermain_nunomendes,,,ligue1,parissaintgermain,
ligue1_parissaintgermain_sennymayulu,,,ligue1,parissaintgermain,
ligue1_parissaintgermain_willianpacho,Willian,Pacho,ligue1,parissaintgermain,
ligue1_reims_amadoukone,,,ligue1,reims,
ligue1_reims_aureliobuta,Aurelio,Buta,ligue1,reims,
ligue1_reims_cedrickipre,,,ligue1,reims,
ligue1_reims_morygbane,,,ligue1,reims,
ligue1_reims_nhoasangui,,,ligue1,reims,
ligue1_reims_sergioakieme,Sergio,Akieme,ligue1,reims,
ligue1_reims_valentinatanganaedoa,,,ligue1,reims,
ligue1_rennes_abdelhamidaitboudlal,,,ligue1,rennes,
ligue1_rennes_anthonyrouault,Anthony,Rouault,ligue1,rennes,
ligue1_rennes_arnaudkalimuendo,,,ligue1,rennes,
ligue1_rennes_breelembolo,,,ligue1,rennes,
ligue1_rennes_djaouicisse,,,ligue1,rennes,
ligue1_rennes_estebanlepaul,,,ligue1,rennes,
ligue1_rennes_hanshateboer,Hans,Hateboer,ligue1,rennes,
ligue1_rennes_jeremyjacquet,,,ligue1,rennes,
ligue1_rennes_jordanjames,,,ligue1,rennes,
ligue1_rennes_leoostigard,Leo,Ostigard,ligue1,rennes,
ligue1_rennes_lilianbrassier,Lilian,Brassier,ligue1,rennes,
ligue1_rennes_mahdicamara,Mahdi,Camara,ligue1,rennes,
ligue1_rennes_mousatamari,Mousa,Tamari,ligue1,rennes,
ligue1_rennes_przemyslawfrankowski,Przemyslaw,Frankowski,ligue1,rennes,
ligue1_rennes_quentinmerlin,Quentin,Merlin,ligue1,rennes,
ligue1_rennes_stevemandanda,,,ligue1,rennes,
ligue1_rennes_valentinrongier,,,ligue1,rennes,
ligue1_stetienne_aimenmoueffek,,,ligue1,stetienne,
ligue1_stetienne_benjaminbouchouari,,,ligue1,stetienne,
ligue1_stetienne_dennisappiah,,,ligue1,stetienne,
ligue1_stetienne_dylanbatubinsika,,,ligue1,stetienne,
ligue1_stetienne_floriantardieu,,,ligue1,stetienne,
ligue1_stetienne_irvincardona,,,ligue1,stetienne,
ligue1_stetienne_leopetrot,,,ligue1,stetienne,
ligue1_stetienne_louismouton,,,ligue1,stetienne,
ligue1_stetienne_lucasstassin,,,ligue1,stetienne,
ligue1_stetienne_mickaelnade,,,ligue1,stetienne,
ligue1_stetienne_pierreekwah,,,ligue1,stetienne,
ligue1_stetienne_yunisabdelhamid,Yunis,Abdelhamid,ligue1,stetienne,
ligue1_stetienne_zurikodavitashvili,,,ligue1,stetienne,
ligue1_strasbourg_abdoulouattara,,,ligue1,strasbourg,
ligue1_strasbourg_andrewomobamidele,,,ligue1,strasbourg,
ligue1_strasbourg_andreysantos,,,ligue1,strasbourg,
ligue1_strasbourg_benchilwell,,,ligue1,strasbourg,
ligue1_strasbourg_diegomoreira,,,ligue1,strasbourg,
ligue1_strasbourg_felixlemarechal,,,ligue1,strasbourg,
ligue1_strasbourg_gueladoue,Guela,Doue,ligue1,strasbourg,
ligue1_strasbourg_joaquinpanichelli,,,ligue1,strasbourg,
ligue1_strasbourg_julioenciso,,,ligue1,strasbourg,
ligue1_strasbourg_lucashogsberg,,,ligue1,strasbourg,
ligue1_strasbourg_mamadousarr,,,ligue1,strasbourg,
ligue1_strasbourg_martialgodo,,,ligue1,strasbourg,
ligue1_strasbourg_samirelmourabet,,,ligue1,strasbourg,
ligue1_strasbourg_samuelamoameyaw,,,ligue1,strasbourg,
ligue1_strasbourg_sebastiannanasi,,,ligue1,strasbourg,
ligue1_strasbourg_valentinbarco,,,ligue1,strasbourg,
ligue1_toulouse_alexisvossah,,,ligue1,toulouse,
ligue1_toulouse_charliecresswell,,,ligue1,toulouse,
ligue1_toulouse_cristiancasseresjr,,,ligue1,toulouse,
ligue1_toulouse_dayannmethalie,,,ligue1,toulouse,
ligue1_toulouse_djibrilsidibe,,,ligue1,toulouse,
ligue1_toulouse_emersonn,,,ligue1,toulouse,
ligue1_toulouse_jaydeecanvot,,,ligue1,toulouse,
ligue1_toulouse_joshuaking,,,ligue1,toulouse,
ligue1_toulouse_markmckenzie,,,ligue1,toulouse,
ligue1_toulouse_papediop,,,ligue1,toulouse,
ligue1_toulouse_santiagohidalgo,,,ligue1,toulouse,
ligue1_toulouse_shavybabicka,,,ligue1,toulouse,
ligue1_toulouse_zakariaaboukhlal,,,ligue1,toulouse,
premierleague_afcbournemouth_adrientruffert,Adrien,Truffert,premierleague,afcbournemouth,
premierleague_afcbournemouth_alexjimenez,,,premierleague,afcbournemouth,
premierleague_afcbournemouth_amineadli,,,premierleague,afcbournemouth,
premierleague_afcbournemouth_bafodediakite,Bafode,Diakite,premierleague,afcbournemouth,
premierleague_afcbournemouth_davidbrooks,,,premierleague,afcbournemouth,
premierleague_afcbournemouth_deanhuijsen,,,premierleague,afcbournemouth,
premierleague_afcbournemouth_elijuniorkroupi,,,premierleague,afcbournemouth,
premierleague_afcbournemouth_evanilson,,,premierleague,afcbournemouth,
premierleague_afcbournemouth_jameshill,,,premierleague,afcbournemouth,
premierleague_afcbournemouth_rayan,,,premierleague,afcbournemouth,
premierleague_afcbournemouth_tyleradams,,,premierleague,afcbournemouth,
premierleague_arsenal_eberechieze,Eberechi,Eze,premierleague,arsenal,
premierleague_arsenal_gabrielmagalhaes,,,premierleague,arsenal,
premierleague_arsenal_jakubkiwior,,,premierleague,arsenal,
premierleague_arsenal_jurrientimber,,,premierleague,arsenal,
premierleague_arsenal_martinzubimendi,Martin,Zubimendi,premierleague,arsenal,
premierleague_arsenal_mikelmerino,Mikel,Merino,premierleague,arsenal,
premierleague_arsenal_myleslewisskelly,,,premierleague,arsenal,
premierleague_arsenal_nonimadueke,Noni,Madueke,premierleague,arsenal,
premierleague_arsenal_pierohincapie,Piero,Hincapie,premierleague,arsenal,
premierleague_arsenal_riccardocalafiori,Riccardo,Calafiori,premierleague,arsenal,
premierleague_arsenal_thomaspartey,,,premierleague,arsenal,
premierleague_arsenal_viktorgyokeres,,,premierleague,arsenal,
premierleague_astonvilla_amadouonana,Amadou,Onana,premierleague,astonvilla,
premierleague_astonvilla_emilianobuendia,,,premierleague,astonvilla,
premierleague_astonvilla_ianmaatsen,Ian,Maatsen,premierleague,astonvilla,
premierleague_astonvilla_jacobramsey,,,premierleague,astonvilla,
premierleague_astonvilla_lamarebogarde,,,premierleague,astonvilla,
premierleague_astonvilla_marcusrashford,Marcus,Rashford,premierleague,astonvilla,
premierleague_astonvilla_morganrogers,,,premierleague,astonvilla,
premierleague_astonvilla_tyronemings,,,premierleague,astonvilla,
premierleague_brentford_dangoouattara,Dango,Ouattara,premierleague,brentford,
premierleague_brentford_igorthiago,,,premierleague,brentford,
premierleague_brentford_jordanhenderson,,,premierleague,brentford,
premierleague_brentford_kevinschade,,,premierleague,brentford,
premierleague_brentford_michaelkayode,Michael,Kayode,premierleague,brentford,
premierleague_brentford_mikkeldamsgaard,,,premierleague,brentford,
premierleague_brentford_ricohenry,,,premierleague,brentford,
premierleague_brentford_seppvandenberg,Sepp,van den Berg,premierleague,brentford,
premierleague_brentford_yehoryarmoliuk,,,premierleague,brentford,
premierleague_brightonhovealbion_diegogomez,,,premierleague,brightonhovealbion,
premierleague_brightonhovealbion_ferdikadioglu,Ferdi,Kadioglu,premierleague,brightonhovealbion,
premierleague_brightonhovealbion_georginiorutter,,,premierleague,brightonhovealbion,
premierleague_brightonhovealbion_jackhinshelwood,,,premierleague,brightonhovealbion,
premierleague_brightonhovealbion_matswieffer,,,premierleague,brightonhovealbion,
premierleague_brightonhovealbion_maximdecuyper,,,premierleague,brightonhovealbion,
premierleague_brightonhovealbion_yankubaminteh,,,premierleague,brightonhovealbion,
premierleague_brightonhovealbion_yasinayari,,,premierleague,brightonhovealbion,
premierleague_burnley_axeltuanzebe,,,premierleague,burnley,
premierleague_burnley_bashirhumphreys,,,premierleague,burnley,
premierleague_burnley_florentinoluis,,,premierleague,burnley,
premierleague_burnley_hannibalmejbri,,,premierleague,burnley,
premierleague_burnley_hjalmarekdal,,,premierleague,burnley,
premierleague_burnley_jaidonanthony,,,premierleague,burnley,
premierleague_burnley_jameswardprowse,James,Ward-Prowse,premierleague,burnley,
premierleague_burnley_joshlaurent,,,premierleague,burnley,
premierleague_burnley_kylewalker,Kyle,Walker,premierleague,burnley,
premierleague_burnley_lesleyugochukwu,,,premierleague,burnley,
premierleague_burnley_loumtchaouna,Loum,Tchaouna,premierleague,burnley,
premierleague_burnley_lucaspires,Lucas,Pires,premierleague,burnley,
premierleague_burnley_marcusedwards,,,premierleague,burnley,
premierleague_burnley_quilindschyhartman,,,premierleague,burnley,
premierleague_burnley_zianflemming,,,premierleague,burnley,
premierleague_chelsea_alejandrogarnacho,Alejandro,Garnacho,premierleague,chelsea,
premierleague_chelsea_andreysantos,,,premierleague,chelsea,
premierleague_chelsea_jadonsancho,,,premierleague,chelsea,
premierleague_chelsea_joaopedro,Joao,Pedro,premierleague,chelsea,
premierleague_chelsea_jorrelhato,,,premierleague,chelsea,
premierleague_chelsea_liamdelap,,,premierleague,chelsea,
premierleague_chelsea_pedroneto,Pedro,Neto,premierleague,chelsea,
premierleague_chelsea_reecejames,,,premierleague,chelsea,
premierleague_chelsea_tosinadarabioyo,Tosin,Adarabioyo,premierleague,chelsea,
premierleague_chelsea_trevohchalobah,,,premierleague,chelsea,
premierleague_chelsea_wesleyfofana,,,premierleague,chelsea,
premierleague_crystalpalace_brennanjohnson,Brennan,Johnson,premierleague,crystalpalace,
premierleague_crystalpalace_daichikamada,Daichi,Kamada,premierleague,crystalpalace,
premierleague_crystalpalace_eddienketiah,,,premierleague,crystalpalace,
premierleague_crystalpalace_ismailasarr,Ismaila,Sarr,premierleague,crystalpalace,
premierleague_crystalpalace_jaydeecanvot,,,premierleague,crystalpalace,
premierleague_crystalpalace_jorgenstrandlarsen,Jorgen,Strand Larsen,premierleague,crystalpalace,
premierleague_crystalpalace_maxencelacroix,Maxence,Lacroix,premierleague,crystalpalace,
premierleague_crystalpalace_yeremypino,,,premierleague,crystalpalace,
premierleague_everton_beto,,,premierleague,everton,
premierleague_everton_ilimanndiaye,Iliman,Ndiaye,premierleague,everton,
premierleague_everton_jackgrealish,Jack,Grealish,premierleague,everton,
premierleague_everton_jakeobrien,Jake,O'Brien,premierleague,everton,
premierleague_everton_jesperlindstrom,,,premierleague,everton,
premierleague_everton_kiernandewsburyhall,,,premierleague,everton,
premierleague_everton_michaelkeane,,,premierleague,everton,
premierleague_everton_orelmangala,Orel,Mangala,premierleague,everton,
premierleague_everton_thiernobarry,,,premierleague,everton,
premierleague_everton_timiroegbunam,,,premierleague,everton,
premierleague_fulham_adamatraore,,,premierleague,fulham,
premierleague_fulham_emilesmithrowe,,,premierleague,fulham,
premierleague_fulham_joachimandersen,Joachim,Andersen,premierleague,fulham,
premierleague_fulham_joshuaking,,,premierleague,fulham,
premierleague_fulham_kennytete,,,premierleague,fulham,
premierleague_fulham_kevin,,,premierleague,fulham,
premierleague_fulham_oscarbobb,,,premierleague,fulham,
premierleague_fulham_ryansessegnon,,,premierleague,fulham,
premierleague_fulham_samuelchukwueze,Samuel,Chukwueze,premierleague,fulham,
premierleague_fulham_sanderberge,Sander,Berge,premierleague,fulham,
premierleague_ipswichtown_axeltuanzebe,,,premierleague,ipswichtown,
premierleague_ipswichtown_benjohnson,,,premierleague,ipswichtown,
premierleague_ipswichtown_cameronburgess,,,premierleague,ipswichtown,
premierleague_ipswichtown_daraoshea,Dara,O'Shea,premierleague,ipswichtown,
premierleague_ipswichtown_jackclarke,,,premierleague,ipswichtown,
premierleague_ipswichtown_jacobgreaves,,,premierleague,ipswichtown,
premierleague_ipswichtown_jenslyscajuste,Jens-Lys,Cajuste,premierleague,ipswichtown,
premierleague_ipswichtown_julioenciso,,,premierleague,ipswichtown,
premierleague_ipswichtown_kalvinphillips,,,premierleague,ipswichtown,
premierleague_ipswichtown_leifdavis,,,premierleague,ipswichtown,
premierleague_ipswichtown_liamdelap,,,premierleague,ipswichtown,
premierleague_ipswichtown_lukewoolfenden,,,premierleague,ipswichtown,
premierleague_ipswichtown_omarihutchinson,,,premierleague,ipswichtown,
premierleague_ipswichtown_sammieszmodics,,,premierleague,ipswichtown,
premierleague_ipswichtown_sammorsy,,,premierleague,ipswichtown,
premierleague_leedsunited_antonstach,Anton,Stach,premierleague,leedsunited,
premierleague_leedsunited_aotanaka,,,premierleague,leedsunited,
premierleague_leedsunited_brendenaaronson,Brenden,Aaronson,premierleague,leedsunited,
premierleague_leedsunited_dominiccalvertlewin,Dominic,Calvert-Lewin,premierleague,leedsunited,
premierleague_leedsunited_ethanampadu,,,premierleague,leedsunited,
premierleague_leedsunited_gabrielgudmundsson,Gabriel,Gudmundsson,premierleague,leedsunited,
premierleague_leedsunited_iliagruev,,,premierleague,leedsunited,
premierleague_leedsunited_jakabijol,Jaka,Bijol,premierleague,leedsunited,
premierleague_leedsunited_jamesjustin,,,premierleague,leedsunited,
premierleague_leedsunited_jaydenbogle,Jayden,Bogle,premierleague,leedsunited,
premierleague_leedsunited_joerodon,,,premierleague,leedsunited,
premierleague_leedsunited_lukasnmecha,,,premierleague,leedsunited,
premierleague_leedsunited_noahokafor,,,premierleague,leedsunited,
premierleague_leedsunited_pascalstruijk,,,premierleague,leedsunited,
premierleague_leedsunited_seanlongstaff,Sean,Longstaff,premierleague,leedsunited,
premierleague_leicestercity_bilalelkhannouss,,,premierleague,leicestercity,
premierleague_leicestercity_boubakarysoumare,Boubakary,Soumare,premierleague,leicestercity,
premierleague_leicestercity_calebokoli,,,premierleague,leicestercity,
premierleague_leicestercity_conorcoady,,,premierleague,leicestercity,
premierleague_leicestercity_facundobuonanotte,Facundo,Buonanotte,premierleague,leicestercity,
premierleague_leicestercity_harrywinks,,,premierleague,leicestercity,
premierleague_leicestercity_jamesjustin,,,premierleague,leicestercity,
premierleague_leicestercity_jamievardy,,,premierleague,leicestercity,
premierleague_leicestercity_jannikvestergaard,,,premierleague,leicestercity,
premierleague_leicestercity_jordanayew,Jordan,Ayew,premierleague,leicestercity,
premierleague_leicestercity_lukethomas,,,premierleague,leicestercity,
premierleague_leicestercity_oliverskipp,,,premierleague,leicestercity,
premierleague_leicestercity_stephymavididi,,,premierleague,leicestercity,
premierleague_leicestercity_victorkristiansen,Victor,Kristiansen,premierleague,leicestercity,
premierleague_leicestercity_wilfredndidi,,,premierleague,leicestercity,
premierleague_leicestercity_woutfaes,,,premierleague,leicestercity,
premierleague_liverpool_florianwirtz,Florian,Wirtz,premierleague,liverpool,
premierleague_liverpool_hugoekitike,,,premierleague,liverpool,
premierleague_liverpool_jeremiefrimpong,Jeremie,Frimpong,premierleague,liverpool,
premierleague_liverpool_miloskerkez,Milos,Kerkez,premierleague,liverpool,
premierleague_manchestercity_abdukodirkhusanov,,,premierleague,manchestercity,
premierleague_manchestercity_antoinesemenyo,Antoine,Semenyo,premierleague,manchestercity,
premierleague_manchestercity_ilkaygundogan,Ilkay,Gundogan,premierleague,manchestercity,
premierleague_manchestercity_marcguehi,Marc,Guehi,premierleague,manchestercity,
premierleague_manchestercity_matheusnunes,,,premierleague,manchestercity,
premierleague_manchestercity_nicogonzalez,,,premierleague,manchestercity,
premierleague_manchestercity_nicooreilly,,,premierleague,manchestercity,
premierleague_manchestercity_omarmarmoush,Omar,Marmoush,premierleague,manchestercity,
premierleague_manchestercity_rayancherki,Rayan,Cherki,premierleague,manchestercity,
premierleague_manchestercity_ricolewis,,,premierleague,manchestercity,
premierleague_manchestercity_savinho,,Savinho,premierleague,manchestercity,
premierleague_manchestercity_tijjanireijnders,Tijjani,Reijnders,premierleague,manchestercity,
premierleague_manchesterunited_amaddiallo,,,premierleague,manchesterunited,
premierleague_manchesterunited_benjaminsesko,Benjamin,Sesko,premierleague,manchesterunited,
premierleague_manchesterunited_bryanmbeumo,Bryan,Mbeumo,premierleague,manchesterunited,
premierleague_manchesterunited_joshuazirkzee,Joshua,Zirkzee,premierleague,manchesterunited,
premierleague_manchesterunited_lenyyoro,Leny,Yoro,premierleague,manchesterunited,
premierleague_manchesterunited_lisandromartinez,,,premierleague,manchesterunited,
premierleague_manchesterunited_lukeshaw,,,premierleague,manchesterunited,
premierleague_manchesterunited_manuelugarte,Manuel,Ugarte,premierleague,manchesterunited,
premierleague_manchesterunited_masonmount,,,premierleague,manchesterunited,
premierleague_manchesterunited_matheuscunha,Matheus,Cunha,premierleague,manchesterunited,
premierleague_manchesterunited_matthijsdeligt,Matthijs,de Ligt,premierleague,manchesterunited,
premierleague_manchesterunited_noussairmazraoui,Noussair,Mazraoui,premierleague,manchesterunited,
premierleague_manchesterunited_patrickdorgu,Patrick,Dorgu,premierleague,manchesterunited,
premierleague_newcastleunited_anthonyelanga,Anthony,Elanga,premierleague,newcastleunited,
premierleague_newcastleunited_harveybarnes,,,premierleague,newcastleunited,
premierleague_newcastleunited_jacobramsey,,,premierleague,newcastleunited,
premierleague_newcastleunited_joewillock,,,premierleague,newcastleunited,
premierleague_newcastleunited_lewishall,,,premierleague,newcastleunited,
premierleague_newcastleunited_malickthiaw,Malick,Thiaw,premierleague,newcastleunited,
premierleague_newcastleunited_nickwoltemade,Nick,Woltemade,premierleague,newcastleunited,
premierleague_newcastleunited_sandrotonali,,,premierleague,newcastleunited,
premierleague_nottinghamforest_callumhudsonodoi,,,premierleague,nottinghamforest,
premierleague_nottinghamforest_danndoye,Dan,Ndoye,premierleague,nottinghamforest,
premierleague_nottinghamforest_elliotanderson,Elliot,Anderson,premierleague,nottinghamforest,
premierleague_nottinghamforest_igorjesus,,,premierleague,nottinghamforest,
premierleague_nottinghamforest_morato,,,premierleague,nottinghamforest,
premierleague_nottinghamforest_nicolosavona,,,premierleague,nottinghamforest,
premierleague_nottinghamforest_nikolamilenkovic,Nikola,Milenkovic,premierleague,nottinghamforest,
premierleague_nottinghamforest_omarihutchinson,,,premierleague,nottinghamforest,
premierleague_southampton_adamarmstrong,,,premierleague,southampton,
premierleague_southampton_cameronarcher,Cameron,Archer,premierleague,southampton,
premierleague_southampton_flynndownes,,,premierleague,southampton,
premierleague_southampton_jackstephens,,,premierleague,southampton,
premierleague_southampton_jamesbree,,,premierleague,southampton,
premierleague_southampton_janbednarek,,,premierleague,southampton,
premierleague_southampton_joearibo,,,premierleague,southampton,
premierleague_southampton_kamaldeensulemana,,,premierleague,southampton,
premierleague_southampton_kylewalkerpeters,,,premierleague,southampton,
premierleague_southampton_lesleyugochukwu,,,premierleague,southampton,
premierleague_southampton_mateusfernandes,,,premierleague,southampton,
premierleague_southampton_paulonuachu,Paul,Onuachu,premierleague,southampton,
premierleague_southampton_ryanmanning,,,premierleague,southampton,
premierleague_southampton_taylorharwoodbellis,,,premierleague,southampton,
premierleague_southampton_tylerdibling,,,premierleague,southampton,
premierleague_southampton_yukinarisugawara,,,premierleague,southampton,
premierleague_sunderland_brianbrobbey,,,premierleague,sunderland,
premierleague_sunderland_chemsdinetalbi,,,premierleague,sunderland,
premierleague_sunderland_danielballard,,,premierleague,sunderland,
premierleague_sunderland_enzolefee,Enzo,Le Fee,premierleague,sunderland,
premierleague_sunderland_granitxhaka,Granit,Xhaka,premierleague,sunderland,
premierleague_sunderland_habibdiarra,Habib,Diarra,premierleague,sunderland,
premierleague_sunderland_lutsharelgeertruida,,,premierleague,sunderland,
premierleague_sunderland_noahsadiki,,,premierleague,sunderland,
premierleague_sunderland_nordimukiele,,,premierleague,sunderland,
premierleague_sunderland_omaralderete,Omar,Alderete,premierleague,sunderland,
premierleague_sunderland_reinildomandava,,,premierleague,sunderland,
premierleague_sunderland_traihume,,,premierleague,sunderland,
premierleague_sunderland_wilsonisidor,,,premierleague,sunderland,
premierleague_tottenhamhotspur_archiegray,,,premierleague,tottenhamhotspur,
premierleague_tottenhamhotspur_conorgallagher,Conor,Gallagher,premierleague,tottenhamhotspur,
premierleague_tottenhamhotspur_djedspence,,,premierleague,tottenhamhotspur,
premierleague_tottenhamhotspur_dominicsolanke,Dominic,Solanke,premierleague,tottenhamhotspur,
premierleague_tottenhamhotspur_joaopalhinha,Joao,Palhinha,premierleague,tottenhamhotspur,
premierleague_tottenhamhotspur_kevindanso,Kevin,Danso,premierleague,tottenhamhotspur,
premierleague_tottenhamhotspur_lucasbergvall,,,premierleague,tottenhamhotspur,
premierleague_tottenhamhotspur_mathystel,Mathys,Tel,premierleague,tottenhamhotspur,
premierleague_tottenhamhotspur_mohammedkudus,Mohammed,Kudus,premierleague,tottenhamhotspur,
premierleague_tottenhamhotspur_radudragusin,Radu,Dragusin,premierleague,tottenhamhotspur,
premierleague_tottenhamhotspur_randalkolomuani,Randal,Kolo Muani,premierleague,tottenhamhotspur,
premierleague_tottenhamhotspur_sonheungmin,,,premierleague,tottenhamhotspur,
premierleague_tottenhamhotspur_xavisimons,Xavi,Simons,premierleague,tottenhamhotspur,
premierleague_westhamunited_aaronwanbissaka,Aaron,Wan-Bissaka,premierleague,westhamunited,
premierleague_westhamunited_axeldisasi,Axel,Disasi,premierleague,westhamunited,
premierleague_westhamunited_callumwilson,,,premierleague,westhamunited,
premierleague_westhamunited_carlossoler,Carlos,Soler,premierleague,westhamunited,
premierleague_westhamunited_crysenciosummerville,,,premierleague,westhamunited,
premierleague_westhamunited_elhadjimalickdiouf,,,premierleague,westhamunited,
premierleague_westhamunited_freddiepotts,,,premierleague,westhamunited,
premierleague_westhamunited_guidorodriguez,Guido,Rodriguez,premierleague,westhamunited,
premierleague_westhamunited_jeanclairtodibo,Jean-Clair,Todibo,premierleague,westhamunited,
premierleague_westhamunited_kylewalkerpeters,,,premierleague,westhamunited,
premierleague_westhamunited_lukaszfabianski,,,premierleague,westhamunited,
premierleague_westhamunited_mateusfernandes,,,premierleague,westhamunited,
premierleague_westhamunited_maxkilman,Max,Kilman,premierleague,westhamunited,
premierleague_westhamunited_valentincastellanos,Valentin,Castellanos,premierleague,westhamunited,
premierleague_wolverhamptonwanderers_adamarmstrong,,,premierleague,wolverhamptonwanderers,
premierleague_wolverhamptonwanderers_andre,,,premierleague,wolverhamptonwanderers,
premierleague_wolverhamptonwanderers_davidmollerwolfe,,,premierleague,wolverhamptonwanderers,
premierleague_wolverhamptonwanderers_emmanuelagbadou,Emmanuel,Agbadou,premierleague,wolverhamptonwanderers,
premierleague_wolverhamptonwanderers_hugobueno,,,premierleague,wolverhamptonwanderers,
premierleague_wolverhamptonwanderers_hwangheechan,,,premierleague,wolverhamptonwanderers,
premierleague_wolverhamptonwanderers_jacksontchatchoua,Jackson,Tchatchoua,premierleague,wolverhamptonwanderers,
premierleague_wolverhamptonwanderers_jeanricnerbellegarde,,,premierleague,wolverhamptonwanderers,
premierleague_wolverhamptonwanderers_jhonarias,,,premierleague,wolverhamptonwanderers,
premierleague_wolverhamptonwanderers_jorgenstrandlarsen,Jorgen,Strand Larsen,premierleague,wolverhamptonwanderers,
premierleague_wolverhamptonwanderers_ladislavkrejci,,,premierleague,wolverhamptonwanderers,
premierleague_wolverhamptonwanderers_marshallmunetsi,Marshall,Munetsi,premierleague,wolverhamptonwanderers,
premierleague_wolverhamptonwanderers_mateusmane,,,premierleague,wolverhamptonwanderers,
premierleague_wolverhamptonwanderers_santiagobueno,,,premierleague,wolverhamptonwanderers,
premierleague_wolverhamptonwanderers_toluarokodare,,,premierleague,wolverhamptonwanderers,
premierleague_wolverhamptonwanderers_yersonmosquera,Yerson,Mosquera,premierleague,wolverhamptonwanderers,
seriea_atalanta_danielmaldini,,,seriea,atalanta,
seriea_atalanta_honestahanor,,,seriea,atalanta,
seriea_atalanta_kamaldeensulemana,,,seriea,atalanta,
seriea_atalanta_lazarsamardzic,Lazar,Samardzic,seriea,atalanta,
seriea_atalanta_lorenzobernasconi,,,seriea,atalanta,
seriea_atalanta_mateoretegui,Mateo,Retegui,seriea,atalanta,
seriea_atalanta_nicolazalewski,,,seriea,atalanta,
seriea_atalanta_nikolakrstovic,Nikola,Krstovic,seriea,atalanta,
seriea_atalanta_odilonkossounou,Odilon,Kossounou,seriea,atalanta,
seriea_atalanta_raoulbellanova,Raoul,Bellanova,seriea,atalanta,
seriea_atalanta_stefanposch,Stefan,Posch,seriea,atalanta,
seriea_bologna_benjamindominguez,,,seriea,bologna,
seriea_bologna_charalamposlykogiannis,,,seriea,bologna,
seriea_bologna_emilholm,,,seriea,bologna,
seriea_bologna_federicobernardeschi,,,seriea,bologna,
seriea_bologna_jensodgaard,,,seriea,bologna,
seriea_bologna_jonathanrowe,,,seriea,bologna,
seriea_bologna_juanmiranda,Juan,Miranda,seriea,bologna,
seriea_bologna_lorenzodesilvestri,,,seriea,bologna,
seriea_bologna_martinvitik,,,seriea,bologna,
seriea_bologna_nadirzortea,Nadir,Zortea,seriea,bologna,
seriea_bologna_nicolocambiaghi,Nicolo,Cambiaghi,seriea,bologna,
seriea_bologna_nicolocasale,Nicolo,Casale,seriea,bologna,
seriea_bologna_nikolamoro,,,seriea,bologna,
seriea_bologna_santiagocastro,,,seriea,bologna,
seriea_bologna_simonsohm,,,seriea,bologna,
seriea_bologna_thijsdallinga,Thijs,Dallinga,seriea,bologna,
seriea_bologna_tommasopobega,,,seriea,bologna,
seriea_bologna_torbjornheggem,,,seriea,bologna,
seriea_cagliari_adamobert,,,seriea,cagliari,
seriea_cagliari_gennaroborrelli,,,seriea,cagliari,
seriea_cagliari_gianlucagaetano,,,seriea,cagliari,
seriea_cagliari_joseluispalomino,,,seriea,cagliari,
seriea_cagliari_juanrodriguez,,,seriea,cagliari,
seriea_cagliari_marcopalestra,,,seriea,cagliari,
seriea_cagliari_michaelfolorunsho,Michael,Folorunsho,seriea,cagliari,
seriea_cagliari_micheladopo,,,seriea,cagliari,
seriea_cagliari_nadirzortea,Nadir,Zortea,seriea,cagliari,
seriea_cagliari_razvanmarin,Razvan,Marin,seriea,cagliari,
seriea_cagliari_robertopiccoli,Roberto,Piccoli,seriea,cagliari,
seriea_cagliari_sebastianoesposito,,,seriea,cagliari,
seriea_cagliari_sebastianoluperto,Sebastiano,Luperto,seriea,cagliari,
seriea_cagliari_zepedro,,,seriea,cagliari,
seriea_como_albertodossena,Alberto,Dossena,seriea,como,
seriea_como_albertomoreno,Alberto,Moreno,seriea,como,
seriea_como_alexvalle,,,seriea,como,
seriea_como_alieufadera,,,seriea,como,
seriea_como_anastasiosdouvikas,,,seriea,como,
seriea_como_assanediao,Assane,Diao,seriea,como,
seriea_como_diegocarlos,Diego,Carlos,seriea,como,
seriea_como_edoardogoldaniga,Edoardo,Goldaniga,seriea,como,
seriea_como_gabrielstrefezza,Gabriel,Strefezza,seriea,como,
seriea_como_ignacevanderbrempt,,,seriea,como,
seriea_como_ivansmolcic,,,seriea,como,
seriea_como_jacoboramon,,,seriea,como,
seriea_como_jesusrodriguez,,,seriea,como,
seriea_como_lucasdacunha,,,seriea,como,
seriea_como_marckempf,,,seriea,como,
seriea_como_martinbaturina,,,seriea,como,
seriea_como_maxencecaqueret,Maxence,Caqueret,seriea,como,
seriea_como_maximoperrone,Maximo,Perrone,seriea,como,
seriea_como_mergimvojvoda,Mergim,Vojvoda,seriea,como,
seriea_como_nicopaz,,,seriea,como,
seriea_como_patrickcutrone,,,seriea,como,
seriea_como_pepereina,,,seriea,como,
seriea_como_yannickengelhardt,,,seriea,como,
seriea_cremonese_albertograssi,Alberto,Grassi,seriea,cremonese,
seriea_cremonese_alessiozerbin,,,seriea,cremonese,
seriea_cremonese_federicobaschirotto,Federico,Baschirotto,seriea,cremonese,
seriea_cremonese_federicobonazzoli,Federico,Bonazzoli,seriea,cremonese,
seriea_cremonese_filippoterracciano,Filippo,Terracciano,seriea,cremonese,
seriea_cremonese_giuseppepezzella,Giuseppe,Pezzella,seriea,cremonese,
seriea_cremonese_jamievardy,,,seriea,cremonese,
seriea_cremonese_jarivandeputte,,,seriea,cremonese,
seriea_cremonese_martinpayero,Martin,Payero,seriea,cremonese,
seriea_cremonese_matteobianchetti,,,seriea,cremonese,
seriea_cremonese_mortenthorsby,Morten,Thorsby,seriea,cremonese,
seriea_cremonese_romanoflorianimussolini,,,seriea,cremonese,
seriea_cremonese_sebastianoluperto,Sebastiano,Luperto,seriea,cremonese,
seriea_cremonese_tommasobarbieri,,,seriea,cremonese,
seriea_cremonese_warrenbondo,Warren,Bondo,seriea,cremonese,
seriea_cremonese_youssefmaleh,Youssef,Maleh,seriea,cremonese,
seriea_empoli_christiankouame,Christian,Kouame,seriea,empoli,
seriea_empoli_devisvasquez,,,seriea,empoli,
seriea_empoli_liamhenderson,,,seriea,empoli,
seriea_empoli_lorenzocolombo,Lorenzo,Colombo,seriea,empoli,
seriea_empoli_lucamarianucci,,,seriea,empoli,
seriea_empoli_mattiaviti,,,seriea,empoli,
seriea_empoli_sabagoglichidze,,,seriea,empoli,
seriea_empoli_sebastianoesposito,,,seriea,empoli,
seriea_empoli_tinoanjorin,,,seriea,empoli,
seriea_fiorentina_albertgumundsson,Albert,Gumundsson,seriea,fiorentina,
seriea_fiorentina_amirrichardson,Amir,Richardson,seriea,fiorentina,
seriea_fiorentina_andreacolpani,Andrea,Colpani,seriea,fiorentina,
seriea_fiorentina_cherndour,,,seriea,fiorentina,
seriea_fiorentina_danilocataldi,Danilo,Cataldi,seriea,fiorentina,
seriea_fiorentina_dodo,,,seriea,fiorentina,
seriea_fiorentina_giovannifabbian,Giovanni,Fabbian,seriea,fiorentina,
seriea_fiorentina_marcobrescianini,Marco,Brescianini,seriea,fiorentina,
seriea_fiorentina_marinpongracic,Marin,Pongracic,seriea,fiorentina,
seriea_fiorentina_moisekean,,,seriea,fiorentina,
seriea_fiorentina_nicolofagioli,,,seriea,fiorentina,
seriea_fiorentina_pablomari,Pablo,Mari,seriea,fiorentina,
seriea_fiorentina_pietrocomuzzo,,,seriea,fiorentina,
seriea_fiorentina_robertopiccoli,Roberto,Piccoli,seriea,fiorentina,
seriea_fiorentina_robingosens,Robin,Gosens,seriea,fiorentina,
seriea_fiorentina_yacineadli,Yacine,Adli,seriea,fiorentina,
seriea_genoa_alessandromarcandalli,,,seriea,genoa,
seriea_genoa_alessandrozanoli,,,seriea,genoa,
seriea_genoa_andreapinamonti,Andrea,Pinamonti,seriea,genoa,
seriea_genoa_brookenortoncuffy,,,seriea,genoa,
seriea_genoa_fabiomiretti,Fabio,Miretti,seriea,genoa,
seriea_genoa_leoostigard,Leo,Ostigard,seriea,genoa,
seriea_genoa_lorenzocolombo,Lorenzo,Colombo,seriea,genoa,
seriea_genoa_mikaelellertsson,,,seriea,genoa,
seriea_genoa_patriziomasini,,,seriea,genoa,
seriea_genoa_vitinha,,,seriea,genoa,
seriea_hellasverona_aminsarr,,,seriea,hellasverona,
seriea_hellasverona_andriasedmundsson,,,seriea,hellasverona,
seriea_hellasverona_antoinebernede,,,seriea,hellasverona,
seriea_hellasverona_armelbellakotchap,,,seriea,hellasverona,
seriea_hellasverona_caspertengstedt,,,seriea,hellasverona,
seriea_hellasverona_danieleghilardi,,,seriea,hellasverona,
seriea_hellasverona_danielmosquera,,,seriea,hellasverona,
seriea_hellasverona_domagojbradaric,Domagoj,Bradaric,seriea,hellasverona,
seriea_hellasverona_flaviusdaniliuc,,,seriea,hellasverona,
seriea_hellasverona_giftorban,,,seriea,hellasverona,
seriea_hellasverona_jeandanielakpaakpro,,,seriea,hellasverona,
seriea_hellasverona_kieronbowie,,,seriea,hellasverona,
seriea_hellasverona_martinfrese,,,seriea,hellasverona,
seriea_hellasverona_nicolasvalentini,,,seriea,hellasverona,
seriea_hellasverona_rafikbelghali,,,seriea,hellasverona,
seriea_hellasverona_robertogagliardini,Roberto,Gagliardini,seriea,hellasverona,
seriea_hellasverona_unainunez,Unai,Nunez,seriea,hellasverona,
seriea_hellasverona_victornelsson,Victor,Nelsson,seriea,hellasverona,
seriea_inter_angeyoanbonny,,,seriea,inter,
seriea_inter_davidefrattesi,,,seriea,inter,
seriea_inter_luishenrique,,,seriea,inter,
seriea_inter_manuelakanji,Manuel,Akanji,seriea,inter,
seriea_inter_petarsucic,,,seriea,inter,
seriea_inter_pioesposito,,,seriea,inter,
seriea_inter_piotrzielinski,Piotr,Zielinski,seriea,inter,
seriea_inter_yannbisseck,,,seriea,inter,
seriea_juventus_bremer,,,seriea,juventus,
seriea_juventus_franciscoconceicao,,,seriea,juventus,
seriea_juventus_jonathandavid,Jonathan,David,seriea,juventus,
seriea_juventus_kenanyildiz,,,seriea,juventus,
seriea_juventus_khephrenthuram,,,seriea,juventus,
seriea_juventus_lloydkelly,Lloyd,Kelly,seriea,juventus,
seriea_juventus_nicolasgonzalez,Nicolas,Gonzalez,seriea,juventus,
seriea_juventus_nicolosavona,,,seriea,juventus,
seriea_juventus_pierrekalulu,,,seriea,juventus,
seriea_juventus_randalkolomuani,Randal,Kolo Muani,seriea,juventus,
seriea_juventus_renatoveiga,,,seriea,juventus,
seriea_juventus_teunkoopmeiners,Teun,Koopmeiners,seriea,juventus,
seriea_lazio_boulayedia,Boulaye,Dia,seriea,lazio,
seriea_lazio_fisayodelebashiru,Fisayo,Dele-Bashiru,seriea,lazio,
seriea_lazio_kennethtaylor,,,seriea,lazio,
seriea_lazio_lucapellegrini,,,seriea,lazio,
seriea_lazio_matteocancellieri,Matteo,Cancellieri,seriea,lazio,
seriea_lazio_nunotavares,,,seriea,lazio,
seriea_lazio_oliverprovstgaard,,,seriea,lazio,
seriea_lazio_pedro,,,seriea,lazio,
seriea_lazio_redabelahyane,,,seriea,lazio,
seriea_lazio_tijjaninoslin,Tijjani,Noslin,seriea,lazio,
seriea_lazio_tomabasic,Toma,Basic,seriea,lazio,
seriea_lecce_balthazarpierret,,,seriea,lecce,
seriea_lecce_daniloveiga,,,seriea,lecce,
seriea_lecce_fredericguilbert,Frederic,Guilbert,seriea,lecce,
seriea_lecce_gabyjean,,,seriea,lecce,
seriea_lecce_jamilsiebert,,,seriea,lecce,
seriea_lecce_kialondagaspar,,,seriea,lecce,
seriea_lecce_lassanacoulibaly,Lassana,Coulibaly,seriea,lecce,
seriea_lecce_nikolastulic,,,seriea,lecce,
seriea_lecce_orirjohannhelgason,,,seriea,lecce,
seriea_lecce_riccardosottil,Riccardo,Sottil,seriea,lecce,
seriea_lecce_santiagopierotti,,,seriea,lecce,
seriea_lecce_tetemorente,,,seriea,lecce,
seriea_lecce_tiagogabriel,,,seriea,lecce,
seriea_lecce_walidcheddira,Walid,Cheddira,seriea,lecce,
seriea_milan_adrienrabiot,Adrien,Rabiot,seriea,milan,
seriea_milan_alexissaelemaekers,Alexis,Saelemaekers,seriea,milan,
seriea_milan_alexjimenez,,,seriea,milan,
seriea_milan_alvaromorata,Alvaro,Morata,seriea,milan,
seriea_milan_christophernkunku,,,seriea,milan,
seriea_milan_davidebartesaghi,,,seriea,milan,
seriea_milan_emersonroyal,Emerson,Royal,seriea,milan,
seriea_milan_konidewinter,Koni,De Winter,seriea,milan,
seriea_milan_lukamodric,Luka,Modric,seriea,milan,
seriea_milan_pervisestupinan,Pervis,Estupinan,seriea,milan,
seriea_milan_samuelericci,Samuele,Ricci,seriea,milan,
seriea_milan_strahinjapavlovic,,,seriea,milan,
seriea_milan_tammyabraham,,,seriea,milan,
seriea_milan_warrenbondo,Warren,Bondo,seriea,milan,
seriea_milan_youssouffofana,Youssouf,Fofana,seriea,milan,
seriea_monza_alessandrobianco,,,seriea,monza,
seriea_monza_georgioskyriakopoulos,,,seriea,monza,
seriea_monza_gianlucacaprari,,,seriea,monza,
seriea_monza_pedropereira,,,seriea,monza,
seriea_napoli_alessandrobuongiorno,Alessandro,Buongiorno,seriea,napoli,
seriea_napoli_billygilmour,Billy,Gilmour,seriea,napoli,
seriea_napoli_davidneres,,,seriea,napoli,
seriea_napoli_eljifelmas,,,seriea,napoli,
seriea_napoli_giovane,,,seriea,napoli,
seriea_napoli_kevindebruyne,Kevin,De Bruyne,seriea,napoli,
seriea_napoli_leonardospinazzola,Leonardo,Spinazzola,seriea,napoli,
seriea_napoli_miguelgutierrez,Miguel,Gutierrez,seriea,napoli,
seriea_napoli_rasmushojlund,Rasmus,Hojlund,seriea,napoli,
seriea_napoli_romelulukaku,Romelu,Lukaku,seriea,napoli,
seriea_napoli_sambeukema,Sam,Beukema,seriea,napoli,
seriea_napoli_scottmctominay,Scott,McTominay,seriea,napoli,
seriea_parma_adrianbernabe,,,seriea,parma,
seriea_parma_alessandrocircati,,,seriea,parma,
seriea_parma_alessandrovogliacco,Alessandro,Vogliacco,seriea,parma,
seriea_parma_angeyoanbonny,,,seriea,parma,
seriea_parma_antoinehainaut,,,seriea,parma,
seriea_parma_botondbalogh,,,seriea,parma,
seriea_parma_christianordonez,,,seriea,parma,
seriea_parma_dennisman,,,seriea,parma,
seriea_parma_emanuelevaleri,Emanuele,Valeri,seriea,parma,
seriea_parma_enricodelprato,,,seriea,parma,
seriea_parma_gabrielstrefezza,Gabriel,Strefezza,seriea,parma,
seriea_parma_giovannileoni,,,seriea,parma,
seriea_parma_hansnicolussicaviglia,,,seriea,parma,
seriea_parma_hernani,,,seriea,parma,
seriea_parma_lautarovalenti,,,seriea,parma,
seriea_parma_mandelakeita,,,seriea,parma,
seriea_parma_marianotroilo,,,seriea,parma,
seriea_parma_mateopellegrino,,,seriea,parma,
seriea_parma_matteocancellieri,Matteo,Cancellieri,seriea,parma,
seriea_parma_milanduric,,,seriea,parma,
seriea_parma_nahuelestevez,,,seriea,parma,
seriea_parma_oliversorensen,,,seriea,parma,
seriea_parma_pontusalmqvist,Pontus,Almqvist,seriea,parma,
seriea_parma_saschabritschgi,,,seriea,parma,
seriea_parma_simonsohm,,,seriea,parma,
seriea_parma_valentinmihaila,,,seriea,parma,
seriea_parma_woyocoulibaly,,,seriea,parma,
seriea_pisa_antoniocaracciolo,,,seriea,pisa,
seriea_pisa_arturocalabresi,,,seriea,pisa,
seriea_pisa_ebenezerakinsanmiro,,,seriea,pisa,
seriea_pisa_henrikwendelmeister,,,seriea,pisa,
seriea_pisa_idrissatoure,,,seriea,pisa,
seriea_pisa_mariusmarin,,,seriea,pisa,
seriea_pisa_matteotramoni,,,seriea,pisa,
seriea_pisa_mehdileris,,,seriea,pisa,
seriea_pisa_michelaebischer,Michel,Aebischer,seriea,pisa,
seriea_pisa_samueleangori,,,seriea,pisa,
seriea_pisa_simonecanestrelli,,,seriea,pisa,
seriea_pisa_stefanomoreo,,,seriea,pisa,
seriea_roma_alexissaelemaekers,Alexis,Saelemaekers,seriea,roma,
seriea_roma_artemdovbyk,Artem,Dovbyk,seriea,roma,
seriea_roma_danieleghilardi,,,seriea,roma,
seriea_roma_devynerensch,,,seriea,roma,
seriea_roma_donyellmalen,Donyell,Malen,seriea,roma,
seriea_roma_eldorshomurodov,,,seriea,roma,
seriea_roma_manukone,,,seriea,roma,
seriea_roma_mariohermoso,Mario,Hermoso,seriea,roma,
seriea_roma_matiassoule,Matias,Soule,seriea,roma,
seriea_roma_niccolopisilli,,,seriea,roma,
seriea_roma_wesley,,,seriea,roma,
seriea_roma_zekicelik,,,seriea,roma,
seriea_sassuolo_cristianvolpato,,,seriea,sassuolo,
seriea_sassuolo_ismaelkone,,,seriea,sassuolo,
seriea_sassuolo_jayidzes,,,seriea,sassuolo,
seriea_sassuolo_lucalipani,,,seriea,sassuolo,
seriea_sassuolo_mbalanzola,M'Bala,Nzola,seriea,sassuolo,
seriea_sassuolo_nemanjamatic,Nemanja,Matic,seriea,sassuolo,
seriea_sassuolo_sebastianwalukiewicz,Sebastian,Walukiewicz,seriea,sassuolo,
seriea_sassuolo_tarikmuharemovic,,,seriea,sassuolo,
seriea_sassuolo_woyocoulibaly,,,seriea,sassuolo,
seriea_torino_ardianismajli,Ardian,Ismajli,seriea,torino,
seriea_torino_bornasosa,,,seriea,torino,
seriea_torino_cesarecasadei,,,seriea,torino,
seriea_torino_cheadams,,,seriea,torino,
seriea_torino_cristianobiraghi,Cristiano,Biraghi,seriea,torino,
seriea_torino_eljifelmas,,,seriea,torino,
seriea_torino_emirhanilkhan,Emirhan,Ilkhan,seriea,torino,
seriea_torino_enzoebosse,,,seriea,torino,
seriea_torino_giovannisimeone,,,seriea,torino,
seriea_torino_guillermomaripan,Guillermo,Maripan,seriea,torino,
seriea_torino_gvidasgineitis,,,seriea,torino,
seriea_torino_kristjanasllani,,,seriea,torino,
seriea_torino_marcuspedersen,Marcus,Pedersen,seriea,torino,
seriea_torino_matteoprati,Matteo,Prati,seriea,torino,
seriea_torino_rafaelobrador,,,seriea,torino,
seriea_torino_saulcoco,Saul,Coco,seriea,torino,
seriea_torino_sebastianwalukiewicz,Sebastian,Walukiewicz,seriea,torino,
seriea_torino_yannkaramoh,,,seriea,torino,
seriea_udinese_alessandrozanoli,,,seriea,udinese,
seriea_udinese_arthuratta,,,seriea,udinese,
seriea_udinese_christiankabasele,,,seriea,udinese,
seriea_udinese_jakubpiotrowski,,,seriea,udinese,
seriea_udinese_jesperkarlstrom,,,seriea,udinese,
seriea_udinese_jurgenekkelenkamp,,,seriea,udinese,
seriea_udinese_keinandavis,,,seriea,udinese,
seriea_udinese_kingsleyehizibue,,,seriea,udinese,
seriea_udinese_nicolobertola,,,seriea,udinese,
seriea_udinese_nicolozaniolo,,,seriea,udinese,
seriea_udinese_oumarsolet,,,seriea,udinese,
seriea_venezia_alessiozerbin,,,seriea,venezia,
seriea_venezia_antoniocandela,,,seriea,venezia,
seriea_venezia_falicande,Fali,Cande,seriea,venezia,
seriea_venezia_francescozampano,,,seriea,venezia,
seriea_venezia_gaetanooristanio,Gaetano,Oristanio,seriea,venezia,
seriea_venezia_gianlucabusio,,,seriea,venezia,
seriea_venezia_hansnicolussicaviglia,,,seriea,venezia,
seriea_venezia_jayidzes,,,seriea,venezia,
seriea_venezia_joelpohjanpalo,,,seriea,venezia,
seriea_venezia_joelschingtienne,,,seriea,venezia,
seriea_venezia_johnyeboah,,,seriea,venezia,
seriea_venezia_kikeperez,,,seriea,venezia,
seriea_venezia_marinsverko,,,seriea,venezia,
seriea_venezia_michaelsvoboda,,,seriea,venezia,
seriea_venezia_mikaelellertsson,,,seriea,venezia,
seriea_venezia_ridgecianohaps,,,seriea,venezia,
superlig_adanademirspor_abataimbetov,,,superlig,adanademirspor,
superlig_adanademirspor_abdulsametburak,,,superlig,adanademirspor,
superlig_adanademirspor_aliyavuzkol,,,superlig,adanademirspor,
superlig_adanademirspor_ardakurtulan,,,superlig,adanademirspor,
superlig_adanademirspor_bunyaminbalat,,,superlig,adanademirspor,
superlig_adanademirspor_izzetcelik,,,superlig,adanademirspor,
superlig_adanademirspor_jovanmanev,,,superlig,adanademirspor,
superlig_adanademirspor_nabilalioui,Nabil,Alioui,superlig,adanademirspor,
superlig_adanademirspor_tayfunaydogan,,,superlig,adanademirspor,
superlig_adanademirspor_tolgakalender,,,superlig,adanademirspor,
superlig_adanademirspor_yusufbarasi,,,superlig,adanademirspor,
superlig_alanyaspor_fatihaksoy,,,superlig,alanyaspor,
superlig_alanyaspor_gaiusmakouta,,,superlig,alanyaspor,
superlig_alanyaspor_hadergjonaj,,,superlig,alanyaspor,
superlig_alanyaspor_hagi,,,superlig,alanyaspor,
superlig_alanyaspor_hwanguijo,,,superlig,alanyaspor,
superlig_alanyaspor_ibrahimkaya,,,superlig,alanyaspor,
superlig_alanyaspor_janvier,,,superlig,alanyaspor,
superlig_alanyaspor_maestro,,Maestro,superlig,alanyaspor,
superlig_alanyaspor_makouta,,,superlig,alanyaspor,
superlig_alanyaspor_ruan,,Ruan,superlig,alanyaspor,
superlig_alanyaspor_umitakdag,,,superlig,alanyaspor,
superlig_antalyaspor_adolfogaich,Adolfo,Gaich,superlig,antalyaspor,
superlig_antalyaspor_ballet,,,superlig,antalyaspor,
superlig_antalyaspor_braiansamudio,,,superlig,antalyaspor,
superlig_antalyaspor_ceesay,,,superlig,antalyaspor,
superlig_antalyaspor_dzhikiya,,,superlig,antalyaspor,
superlig_antalyaspor_giannetti,,,superlig,antalyaspor,
superlig_antalyaspor_huseyinturkmen,,,superlig,antalyaspor,
superlig_antalyaspor_kenanpiric,,,superlig,antalyaspor,
superlig_antalyaspor_kennethpaal,,,superlig,antalyaspor,
superlig_antalyaspor_moussadjenepo,,,superlig,antalyaspor,
superlig_antalyaspor_oleksandrpetrusenko,,,superlig,antalyaspor,
superlig_antalyaspor_omur,,,superlig,antalyaspor,
superlig_antalyaspor_safouri,,,superlig,antalyaspor,
superlig_antalyaspor_saric,,,superlig,antalyaspor,
superlig_antalyaspor_sonerdikmen,Soner,Dikmen,superlig,antalyaspor,
superlig_antalyaspor_storm,,,superlig,antalyaspor,
superlig_antalyaspor_thalisson,,,superlig,antalyaspor,
superlig_antalyaspor_vandestreek,,,superlig,antalyaspor,
superlig_basaksehir_beratozdemir,Berat,Ozdemir,superlig,basaksehir,
superlig_basaksehir_crespo,,,superlig,basaksehir,
superlig_basaksehir_davidson,,,superlig,basaksehir,
superlig_basaksehir_fayzullaev,,,superlig,basaksehir,
superlig_basaksehir_hamzagureler,,,superlig,basaksehir,
superlig_basaksehir_harit,,,superlig,basaksehir,
superlig_basaksehir_kazimcankaratas,Kazimcan,Karatas,superlig,basaksehir,
superlig_basaksehir_kemen,,,superlig,basaksehir,
superlig_basaksehir_miguelcrespo,,,superlig,basaksehir,
superlig_basaksehir_operi,,,superlig,basaksehir,
superlig_basaksehir_opoku,,,superlig,basaksehir,
superlig_basaksehir_philippekeny,,,superlig,basaksehir,
superlig_basaksehir_selke,,,superlig,basaksehir,
superlig_basaksehir_shomurodov,,,superlig,basaksehir,
superlig_basaksehir_umutgunes,,,superlig,basaksehir,
superlig_basaksehir_yusufsari,Yusuf,Sari,superlig,basaksehir,
superlig_besiktas_abraham,,,superlig,besiktas,
superlig_besiktas_agbadou,,,superlig,besiktas,
superlig_besiktas_cengizunder,Cengiz,Under,superlig,besiktas,
superlig_besiktas_cerny,,,superlig,besiktas,
superlig_besiktas_ciroimmobile,Ciro,Immobile,superlig,besiktas,
superlig_besiktas_djalo,,,superlig,besiktas,
superlig_besiktas_eltoure,,,superlig,besiktas,
superlig_besiktas_emirhantopcu,Emirhan,Topcu,superlig,besiktas,
superlig_besiktas_felixuduokhai,Felix,Uduokhai,superlig,besiktas,
superlig_besiktas_gabrielpaulista,Gabriel,Paulista,superlig,besiktas,
superlig_besiktas_hyeongyuoh,,,superlig,besiktas,
superlig_besiktas_joaomario,,,superlig,besiktas,
superlig_besiktas_moatasemalmusrati,,,superlig,besiktas,
superlig_besiktas_ndidi,,,superlig,besiktas,
superlig_besiktas_olaitan,,,superlig,besiktas,
superlig_besiktas_orkunkokcu,,,superlig,besiktas,
superlig_besiktas_rafasilva,,,superlig,besiktas,
superlig_besiktas_ridvanyilmaz,,,superlig,besiktas,
superlig_besiktas_sazdagi,,,superlig,besiktas,
superlig_besiktas_uduokhai,,,superlig,besiktas,
superlig_bodrumspor_ahmetaslan,,,superlig,bodrumspor,
superlig_bodrumspor_aliaytemur,,,superlig,bodrumspor,
superlig_bodrumspor_arlindajeti,,,superlig,bodrumspor,
superlig_bodrumspor_cenksen,,,superlig,bodrumspor,
superlig_bodrumspor_egebilsel,,,superlig,bodrumspor,
superlig_bodrumspor_enisbardhi,Enis,Bardhi,superlig,bodrumspor,
superlig_bodrumspor_fredy,,,superlig,bodrumspor,
superlig_bodrumspor_georgepuscas,,,superlig,bodrumspor,
superlig_bodrumspor_gokdenizbayrakdar,,,superlig,bodrumspor,
superlig_bodrumspor_jonathanokita,,,superlig,bodrumspor,
superlig_bodrumspor_musahmohammed,,,superlig,bodrumspor,
superlig_bodrumspor_ondrejcelustka,,,superlig,bodrumspor,
superlig_bodrumspor_taulantseferi,,,superlig,bodrumspor,
superlig_bodrumspor_taylanantalyali,Taylan,Antalyali,superlig,bodrumspor,
superlig_bodrumspor_uzeyirergun,,,superlig,bodrumspor,
superlig_bodrumspor_zdravkodimitrov,,,superlig,bodrumspor,
superlig_caykurrizespor_alisowe,Ali,Sowe,superlig,caykurrizespor,
superlig_caykurrizespor_antalyali,,,superlig,caykurrizespor,
superlig_caykurrizespor_berkayozcan,Berkay,Ozcan,superlig,caykurrizespor,
superlig_caykurrizespor_casperhojer,,,superlig,caykurrizespor,
superlig_caykurrizespor_davidakintola,,,superlig,caykurrizespor,
superlig_caykurrizespor_giannispapanikolaou,,,superlig,caykurrizespor,
superlig_caykurrizespor_hojernielsen,,,superlig,caykurrizespor,
superlig_caykurrizespor_laci,,,superlig,caykurrizespor,
superlig_caykurrizespor_loideaugusto,Loide,Augusto,superlig,caykurrizespor,
superlig_caykurrizespor_mihaila,,,superlig,caykurrizespor,
superlig_caykurrizespor_mocsi,,,superlig,caykurrizespor,
superlig_caykurrizespor_olawoyin,,,superlig,caykurrizespor,
superlig_caykurrizespor_papanikolaou,,,superlig,caykurrizespor,
superlig_caykurrizespor_rachidghezzal,Rachid,Ghezzal,superlig,caykurrizespor,
superlig_caykurrizespor_sagnan,,,superlig,caykurrizespor,
superlig_caykurrizespor_sametakaydin,,,superlig,caykurrizespor,
superlig_caykurrizespor_sowe,,,superlig,caykurrizespor,
superlig_eyupspor_barangezek,,,superlig,eyupspor,
superlig_eyupspor_calegari,,,superlig,eyupspor,
superlig_eyupspor_canererkin,,,superlig,eyupspor,
superlig_eyupspor_emreakbaba,Emre,Akbaba,superlig,eyupspor,
superlig_eyupspor_emremor,,,superlig,eyupspor,
superlig_eyupspor_halilakbunar,Halil,Akbunar,superlig,eyupspor,
superlig_eyupspor_legowski,,,superlig,eyupspor,
superlig_eyupspor_luccasclaro,,,superlig,eyupspor,
superlig_eyupspor_mamethiam,Mame,Thiam,superlig,eyupspor,
superlig_eyupspor_melihkabasakal,,,superlig,eyupspor,
superlig_eyupspor_metehanaltunbas,,,superlig,eyupspor,
superlig_eyupspor_princeampem,,,superlig,eyupspor,
superlig_eyupspor_robinyalcin,,,superlig,eyupspor,
superlig_eyupspor_rubenvezo,,,superlig,eyupspor,
superlig_eyupspor_serdargurler,Serdar,Gurler,superlig,eyupspor,
superlig_eyupspor_talhaulvan,,,superlig,eyupspor,
superlig_eyupspor_taskinilter,,,superlig,eyupspor,
superlig_eyupspor_tayfurbingol,,,superlig,eyupspor,
superlig_eyupspor_umutbozok,,,superlig,eyupspor,
superlig_eyupspor_umutmeras,,,superlig,eyupspor,
superlig_eyupspor_yalcinkayan,,,superlig,eyupspor,
superlig_fatihkaragumruk_anilcinar,,,superlig,fatihkaragumruk,
superlig_fatihkaragumruk_atakancankaya,Atakan,Cankaya,superlig,fatihkaragumruk,
superlig_fatihkaragumruk_balkovec,,,superlig,fatihkaragumruk,
superlig_fatihkaragumruk_bariskalayci,,,superlig,fatihkaragumruk,
superlig_fatihkaragumruk_bartugelmaz,,,superlig,fatihkaragumruk,
superlig_fatihkaragumruk_berkayozcanfk,,,superlig,fatihkaragumruk,
superlig_fatihkaragumruk_biraschi,,,superlig,fatihkaragumruk,
superlig_fatihkaragumruk_danieljohnson,,,superlig,fatihkaragumruk,
superlig_fatihkaragumruk_doh,,,superlig,fatihkaragumruk,
superlig_fatihkaragumruk_esgaio,,,superlig,fatihkaragumruk,
superlig_fatihkaragumruk_kranevitter,,,superlig,fatihkaragumruk,
superlig_fatihkaragumruk_kurukalip,,,superlig,fatihkaragumruk,
superlig_fatihkaragumruk_lichnovsky,,,superlig,fatihkaragumruk,
superlig_fatihkaragumruk_samlarsson,Sam,Larsson,superlig,fatihkaragumruk,
superlig_fatihkaragumruk_serginho,,,superlig,fatihkaragumruk,
superlig_fatihkaragumruk_tiagocukur,,,superlig,fatihkaragumruk,
superlig_fenerbahce_akturkoglu,,,superlig,fenerbahce,
superlig_fenerbahce_allansaintmaximin,,,superlig,fenerbahce,
superlig_fenerbahce_asensio,,,superlig,fenerbahce,
superlig_fenerbahce_brown,,,superlig,fenerbahce,
superlig_fenerbahce_caglarsoyuncu,,,superlig,fenerbahce,
superlig_fenerbahce_ennesyri,,,superlig,fenerbahce,
superlig_fenerbahce_filipkostic,Filip,Kostic,superlig,fenerbahce,
superlig_fenerbahce_guendouzi,,,superlig,fenerbahce,
superlig_fenerbahce_kante,,,superlig,fenerbahce,
superlig_fenerbahce_mercan,,,superlig,fenerbahce,
superlig_fenerbahce_milanskriniar,Milan,Skriniar,superlig,fenerbahce,
superlig_fenerbahce_muldur,,,superlig,fenerbahce,
superlig_fenerbahce_musaba,,,superlig,fenerbahce,
superlig_fenerbahce_nene,,,superlig,fenerbahce,
superlig_fenerbahce_oguzaydin,Oguz,Aydin,superlig,fenerbahce,
superlig_fenerbahce_oosterwolde,,,superlig,fenerbahce,
superlig_fenerbahce_semedo,,,superlig,fenerbahce,
superlig_fenerbahce_skriniar,,,superlig,fenerbahce,
superlig_fenerbahce_sofyanamrabat,,,superlig,fenerbahce,
superlig_fenerbahce_talisca,,,superlig,fenerbahce,
superlig_fenerbahce_youssefennesyri,Youssef,En-Nesyri,superlig,fenerbahce,
superlig_fenerbahce_yuksek,,,superlig,fenerbahce,
superlig_galatasaray_ahmedkutucu,,,superlig,galatasaray,
superlig_galatasaray_bardakci,,,superlig,galatasaray,
superlig_galatasaray_barisalper,,,superlig,galatasaray,
superlig_galatasaray_erenelmali,Eren,Elmali,superlig,galatasaray,
superlig_galatasaray_gabrielsara,,,superlig,galatasaray,
superlig_galatasaray_gundogan,,,superlig,galatasaray,
superlig_galatasaray_icardi,,,superlig,galatasaray,
superlig_galatasaray_ismailjakobs,Ismail,Jakobs,superlig,galatasaray,
superlig_galatasaray_jakobs,,,superlig,galatasaray,
superlig_galatasaray_lemina,,,superlig,galatasaray,
superlig_galatasaray_osimhen,,,superlig,galatasaray,
superlig_galatasaray_rolandsallai,Roland,Sallai,superlig,galatasaray,
superlig_galatasaray_sallai,,,superlig,galatasaray,
superlig_galatasaray_sanchez,,,superlig,galatasaray,
superlig_galatasaray_sane,,,superlig,galatasaray,
superlig_galatasaray_sara,,,superlig,galatasaray,
superlig_galatasaray_torreira,,,superlig,galatasaray,
superlig_galatasaray_victorosimhen,Victor,Osimhen,superlig,galatasaray,
superlig_galatasaray_yunusakgun,,,superlig,galatasaray,
superlig_gaziantep_abena,,,superlig,gaziantep,
superlig_gaziantep_badoundiaye,Badou,Ndiaye,superlig,gaziantep,
superlig_gaziantep_bayo,,,superlig,gaziantep,
superlig_gaziantep_brunoviana,,,superlig,gaziantep,
superlig_gaziantep_camara,,,superlig,gaziantep,
superlig_gaziantep_christopherlungoyi,,,superlig,gaziantep,
superlig_gaziantep_davidokereke,,,superlig,gaziantep,
superlig_gaziantep_dragus,,,superlig,gaziantep,
superlig_gaziantep_halildervisoglu,,,superlig,gaziantep,
superlig_gaziantep_kacperkozlowski,,,superlig,gaziantep,
superlig_gaziantep_kevinrodrigues,,,superlig,gaziantep,
superlig_gaziantep_kozlowski,,,superlig,gaziantep,
superlig_gaziantep_luisperez,,,superlig,gaziantep,
superlig_gaziantep_lungoyi,,,superlig,gaziantep,
superlig_gaziantep_maxim,,,superlig,gaziantep,
superlig_gaziantep_melihkabasakal,,,superlig,gaziantep,
superlig_gaziantep_mujakic,,,superlig,gaziantep,
superlig_gaziantep_nazimsangare,Nazim,Sangare,superlig,gaziantep,
superlig_gaziantep_semihguler,Semih,Guler,superlig,gaziantep,
superlig_gaziantep_sorescu,,,superlig,gaziantep,
superlig_gaziantep_tayyiptalhasanuc,,,superlig,gaziantep,
superlig_genclerbirligi_adamatraore,,,superlig,genclerbirligi,
superlig_genclerbirligi_delebashiru,,,superlig,genclerbirligi,
superlig_genclerbirligi_goktangurpuz,,,superlig,genclerbirligi,
superlig_genclerbirligi_goutas,,,superlig,genclerbirligi,
superlig_genclerbirligi_hanousek,,,superlig,genclerbirligi,
superlig_genclerbirligi_koita,,,superlig,genclerbirligi,
superlig_genclerbirligi_metehanmimaroglu,,,superlig,genclerbirligi,
superlig_genclerbirligi_niang,,,superlig,genclerbirligi,
superlig_genclerbirligi_ogulcanulgun,Ogulcan,Ulgun,superlig,genclerbirligi,
superlig_genclerbirligi_pedropereira,,,superlig,genclerbirligi,
superlig_genclerbirligi_thalisson,,,superlig,genclerbirligi,
superlig_genclerbirligi_tongya,,,superlig,genclerbirligi,
superlig_genclerbirligi_zuzek,,,superlig,genclerbirligi,
superlig_goztepe_ahmedildiz,,,superlig,goztepe,
superlig_goztepe_allan,,,superlig,goztepe,
superlig_goztepe_anthonydennis,,,superlig,goztepe,
superlig_goztepe_ardakurtulan,,,superlig,goztepe,
superlig_goztepe_bokele,,,superlig,goztepe,
superlig_goztepe_cherni,,,superlig,goztepe,
superlig_goztepe_davidtijanic,,,superlig,goztepe,
superlig_goztepe_djalma,,,superlig,goztepe,
superlig_goztepe_efkanbekiroglu,Efkan,Bekiroglu,superlig,goztepe,
superlig_goztepe_heliton,,,superlig,goztepe,
superlig_goztepe_janderson,,,superlig,goztepe,
superlig_goztepe_juan,,,superlig,goztepe,
superlig_goztepe_juansantosdasilva,,,superlig,goztepe,
superlig_goztepe_koraygunter,,,superlig,goztepe,
superlig_goztepe_kuryumatsuki,,,superlig,goztepe,
superlig_goztepe_lassenielsen,,,superlig,goztepe,
superlig_goztepe_malcombokele,,,superlig,goztepe,
superlig_goztepe_miroshi,,,superlig,goztepe,
superlig_goztepe_novatusmiroshi,,,superlig,goztepe,
superlig_goztepe_ogunbayrak,,,superlig,goztepe,
superlig_goztepe_rhaldney,,,superlig,goztepe,
superlig_goztepe_romulo,,,superlig,goztepe,
superlig_goztepe_tahaaltikardes,,,superlig,goztepe,
superlig_hatayspor_abdulkadirparmak,,,superlig,hatayspor,
superlig_hatayspor_bilalboutobba,,,superlig,hatayspor,
superlig_hatayspor_franciscocalvo,Francisco,Calvo,superlig,hatayspor,
superlig_hatayspor_funshobamgboye,,,superlig,hatayspor,
superlig_hatayspor_laminediack,,,superlig,hatayspor,
superlig_hatayspor_recepburakyilmaz,,,superlig,hatayspor,
superlig_hatayspor_ruipedro,,,superlig,hatayspor,
superlig_hatayspor_vincentaboubakar,Vincent,Aboubakar,superlig,hatayspor,
superlig_kasimpasa_ademarous,,,superlig,kasimpasa,
superlig_kasimpasa_baldursson,,,superlig,kasimpasa,
superlig_kasimpasa_benedyczak,,,superlig,kasimpasa,
superlig_kasimpasa_benouanes,,,superlig,kasimpasa,
superlig_kasimpasa_cafu,,,superlig,kasimpasa,
superlig_kasimpasa_diabate,,,superlig,kasimpasa,
superlig_kasimpasa_frimpong,,,superlig,kasimpasa,
superlig_kasimpasa_irfankahveci,,,superlig,kasimpasa,
superlig_kasimpasa_jhonespinoza,,,superlig,kasimpasa,
superlig_kasimpasa_josipbrekalo,,,superlig,kasimpasa,
superlig_kasimpasa_kamilpiatkowski,,,superlig,kasimpasa,
superlig_kasimpasa_keremdemirbay,Kerem,Demirbay,superlig,kasimpasa,
superlig_kasimpasa_kevinrodrigues,,,superlig,kasimpasa,
superlig_kasimpasa_nicholasopoku,,,superlig,kasimpasa,
superlig_kasimpasa_papegueye,,,superlig,kasimpasa,
superlig_kasimpasa_rodrigobecao,Rodrigo,Becao,superlig,kasimpasa,
superlig_kasimpasa_szalai,,,superlig,kasimpasa,
superlig_kasimpasa_winck,,,superlig,kasimpasa,
superlig_kayserispor_aaronopoku,,,superlig,kayserispor,
superlig_kayserispor_benes,,,superlig,kayserispor,
superlig_kayserispor_bennasser,,,superlig,kayserispor,
superlig_kayserispor_carole,,,superlig,kayserispor,
superlig_kayserispor_denswil,,,superlig,kayserispor,
superlig_kayserispor_dorukhantokoz,,,superlig,kayserispor,
superlig_kayserispor_duckensnazon,,,superlig,kayserispor,
superlig_kayserispor_furkansoyalp,Furkan,Soyalp,superlig,kayserispor,
superlig_kayserispor_joaomendes,,,superlig,kayserispor,
superlig_kayserispor_onugkha,,,superlig,kayserispor,
superlig_kayserispor_semihguler,Semih,Guler,superlig,kayserispor,
superlig_kayserispor_stephanebahoken,,,superlig,kayserispor,
superlig_kocaelispor_ahmetoguz,Ahmet,Oguz,superlig,kocaelispor,
superlig_kocaelispor_balogh,,,superlig,kocaelispor,
superlig_kocaelispor_churlinov,,,superlig,kocaelispor,
superlig_kocaelispor_danielagyei,,,superlig,kocaelispor,
superlig_kocaelispor_dijksteel,,,superlig,kocaelispor,
superlig_kocaelispor_habibkeita,Habib,Keita,superlig,kocaelispor,
superlig_kocaelispor_haidara,,,superlig,kocaelispor,
superlig_kocaelispor_linetty,,,superlig,kocaelispor,
superlig_kocaelispor_petkovic,,,superlig,kocaelispor,
superlig_kocaelispor_rivas,,,superlig,kocaelispor,
superlig_kocaelispor_serdardursun,Serdar,Dursun,superlig,kocaelispor,
superlig_kocaelispor_show,,,superlig,kocaelispor,
superlig_kocaelispor_smolcic,,,superlig,kocaelispor,
superlig_kocaelispor_tayfurbingol,,,superlig,kocaelispor,
superlig_konyaspor_andzouana,,,superlig,konyaspor,
superlig_konyaspor_arifbosluk,,,superlig,konyaspor,
superlig_konyaspor_bardhi,,,superlig,konyaspor,
superlig_konyaspor_berkankutlu,,,superlig,konyaspor,
superlig_konyaspor_bjorlo,,,superlig,konyaspor,
superlig_konyaspor_blazkramer,,,superlig,konyaspor,
superlig_konyaspor_danijelaleksic,Danijel,Aleksic,superlig,konyaspor,
superlig_konyaspor_demirbag,,,superlig,konyaspor,
superlig_konyaspor_jevtovic,,,superlig,konyaspor,
superlig_konyaspor_jinhojo,,,superlig,konyaspor,
superlig_konyaspor_markojevtovic,Marko,Jevtovic,superlig,konyaspor,
superlig_konyaspor_melihibrahimoglu,,,superlig,konyaspor,
superlig_konyaspor_muleka,,,superlig,konyaspor,
superlig_konyaspor_nikolaboranijasevic,,,superlig,konyaspor,
superlig_konyaspor_olaigbe,,,superlig,konyaspor,
superlig_konyaspor_pedrinho,,Pedrinho,superlig,konyaspor,
superlig_konyaspor_riechedlybazoer,,,superlig,konyaspor,
superlig_konyaspor_turuc,,,superlig,konyaspor,
superlig_konyaspor_umutnayir,,,superlig,konyaspor,
superlig_konyaspor_yazgili,,,superlig,konyaspor,
superlig_konyaspor_yusuferdogan,Yusuf,Erdogan,superlig,konyaspor,
superlig_samsunspor_arbnormuja,,,superlig,samsunspor,
superlig_samsunspor_borevkovic,,,superlig,samsunspor,
superlig_samsunspor_celilyuksel,,,superlig,samsunspor,
superlig_samsunspor_cherifndiaye,,,superlig,samsunspor,
superlig_samsunspor_holse,,,superlig,samsunspor,
superlig_samsunspor_josafatmendes,,,superlig,samsunspor,
superlig_samsunspor_kingsleyschindler,,,superlig,samsunspor,
superlig_samsunspor_makoumbou,,,superlig,samsunspor,
superlig_samsunspor_mouandilmadji,,,superlig,samsunspor,
superlig_samsunspor_nanydimata,,,superlig,samsunspor,
superlig_samsunspor_ntcham,,,superlig,samsunspor,
superlig_samsunspor_satka,,,superlig,samsunspor,
superlig_samsunspor_tomasson,,,superlig,samsunspor,
superlig_samsunspor_vandrongelen,,,superlig,samsunspor,
superlig_samsunspor_yalcinkayan,,,superlig,samsunspor,
superlig_sivasspor_alexpritchard,,,superlig,sivasspor,
superlig_sivasspor_azizbekturgunboev,,,superlig,sivasspor,
superlig_sivasspor_bengalifodekoita,,,superlig,sivasspor,
superlig_sivasspor_efkanbekiroglu,Efkan,Bekiroglu,superlig,sivasspor,
superlig_sivasspor_garryrodrigues,,,superlig,sivasspor,
superlig_sivasspor_noahsonkosundberg,,,superlig,sivasspor,
superlig_sivasspor_samuelmoutoussamy,Samuel,Moutoussamy,superlig,sivasspor,
superlig_sivasspor_urosradakovic,Uros,Radakovic,superlig,sivasspor,
superlig_trabzonspor_anthonynwakaeme,,,superlig,trabzonspor,
superlig_trabzonspor_arseniybatagov,,,superlig,trabzonspor,
superlig_trabzonspor_batahov,,,superlig,trabzonspor,
superlig_trabzonspor_eskihellac,,,superlig,trabzonspor,
superlig_trabzonspor_felipeaugusto,,,superlig,trabzonspor,
superlig_trabzonspor_jabolfolcarelli,,,superlig,trabzonspor,
superlig_trabzonspor_johnlundstram,,,superlig,trabzonspor,
superlig_trabzonspor_muci,,,superlig,trabzonspor,
superlig_trabzonspor_muhammedchamsaracevic,,,superlig,trabzonspor,
superlig_trabzonspor_mustafaeskihellac,Mustafa,Eskihellac,superlig,trabzonspor,
superlig_trabzonspor_nwaiwu,,,superlig,trabzonspor,
superlig_trabzonspor_okayyokuslu,,,superlig,trabzonspor,
superlig_trabzonspor_onuachu,,,superlig,trabzonspor,
superlig_trabzonspor_oulai,,,superlig,trabzonspor,
superlig_trabzonspor_ozantufan,,,superlig,trabzonspor,
superlig_trabzonspor_pedromalheiro,,,superlig,trabzonspor,
superlig_trabzonspor_savic,,,superlig,trabzonspor,
superlig_trabzonspor_simonbanza,,,superlig,trabzonspor,
superlig_trabzonspor_umutnayir,,,superlig,trabzonspor,
superlig_trabzonspor_wagnerpina,,,superlig,trabzonspor,
superlig_trabzonspor_zubkov,,,superlig,trabzonspor,
